project,report_ID,task_ID,"task_state (rejected, pending, completed)","expired (Yes or No)",user,task_create_date,report_start_date,report_save_date,report_update_date,last_user,report_sent_date,task_limit_date,task_update_date,task_latitude,task_longitude,report_latitude,report_longitude,task_description,task_observation,Detalle,"Tipo incidencia","Localización (Mapa)",Foto,Observaciones
INCIDENCIA,KDPPB,,,Yes,ayagaures.pistas1,,"2018-01-02 09:03:10","2018-01-02 09:04:49","2018-01-02 10:01:05",,"2018-01-02 10:01:05",,,,,27.7932611,-15.7026623,,,Detalle,"Caída distinto nivel","27.861704047809784,-15.644641220569612",https://web.surikat.io/uploads/img/submissions/6263707BBCD105F4A885987A980C75A3/81_02-01-2018_09-04-49_1513762025395.png,
INCIDENCIA,KDPPf,,,Yes,ayagaures.pistas1,,"2018-01-02 09:09:46","2018-01-02 09:10:33","2018-01-02 10:45:11",,"2018-01-02 10:45:11",,,,,27.785299,-15.6326386,,,Detalle,Desprendimiento,"27.865339755718534,-15.64595215022564",https://web.surikat.io/uploads/img/submissions/6263707BBCD105F4A885987A980C75A3/82_02-01-2018_09-10-33_1513762025395.png,
INCIDENCIA,KDPP0,,,Yes,ayagaures.pistas1,,"2018-01-02 10:05:13","2018-01-02 10:07:20","2018-01-02 11:03:35",,"2018-01-02 11:03:35",,,,,27.8760936,-15.6714966,,,Detalle,"Caída distinto nivel","27.880392884726035,-15.645984336733816",https://web.surikat.io/uploads/img/submissions/6263707BBCD105F4A885987A980C75A3/84_02-01-2018_10-07-20_1513762025395.png,
INCIDENCIA,KDPPY,,,Yes,ayagaures.pistas1,,"2018-01-02 10:09:04","2018-01-02 10:10:02","2018-01-02 11:06:16",,"2018-01-02 11:06:16",,,,,27.8760936,-15.6714966,,,Detalle,Cárcavas,"27.880789412593423,-15.64557932317257",https://web.surikat.io/uploads/img/submissions/6263707BBCD105F4A885987A980C75A3/85_02-01-2018_10-10-02_1513762025395.png,
INCIDENCIA,KDPPS,,,Yes,ayagaures.pistas1,,"2018-01-02 10:33:53","2018-01-02 10:36:01","2018-01-02 11:32:21",,"2018-01-02 11:32:21",,,,,27.8760936,-15.6714966,,,Detalle,Cárcavas,"27.885218986561924,-15.645717456936836",https://web.surikat.io/uploads/img/submissions/6263707BBCD105F4A885987A980C75A3/86_02-01-2018_10-36-01_1513762025395.png,
INCIDENCIA,KDPPg,,,Yes,ayagaures.pistas1,,"2018-01-02 10:48:53","2018-01-02 10:50:25","2018-01-02 11:46:39",,"2018-01-02 11:46:39",,,,,27.9454771,-15.5805968,,,Detalle,Cárcavas,"27.89259478677661,-15.646368563175201",https://web.surikat.io/uploads/img/submissions/6263707BBCD105F4A885987A980C75A3/87_02-01-2018_10-50-25_1513762025395.png,
INCIDENCIA,KDPXa,,,Yes,ayagaures.pistas1,,"2018-01-02 12:15:44","2018-01-02 12:17:16","2018-01-02 13:13:28",,"2018-01-02 13:13:28",,,,,27.8760936,-15.6714966,,,Detalle,Cárcavas,"27.884895968961267,-15.651997178792953",https://web.surikat.io/uploads/img/submissions/6263707BBCD105F4A885987A980C75A3/90_02-01-2018_12-17-16_1513762025395.png,
INCIDENCIA,KDPXN,,,Yes,ayagaures.pistas1,,"2018-01-02 12:27:33","2018-01-02 12:29:04","2018-01-02 13:25:38",,"2018-01-02 13:25:38",,,,,27.7643618,-15.631539,,,Detalle,Cárcavas,"27.877742512081035,-15.655520595610142",https://web.surikat.io/uploads/img/submissions/6263707BBCD105F4A885987A980C75A3/91_02-01-2018_12-29-04_1513762025395.png,
INCIDENCIA,KDPXU,,,Yes,ayagaures.pistas1,,"2018-01-02 12:30:45","2018-01-02 12:33:30","2018-01-07 21:26:19",vias.motor.gc,"2018-01-02 13:29:45",,,,,27.7854815,-15.6403362,,,Detalle,Cárcavas,"27.877390428178085,-15.655548088252544",https://web.surikat.io/uploads/img/submissions/6263707BBCD105F4A885987A980C75A3/92_02-01-2018_12-33-30_1513762025395.png,
INCIDENCIA,KDPXs,,,Yes,ayagaures.pistas1,,"2018-01-02 15:13:00","2018-01-02 15:14:05","2018-01-02 16:29:34",,"2018-01-02 16:29:34",,,,,27.9294169,-15.5868264,,,Detalle,Cárcavas,"27.867924928901207,-15.638889223337173",https://web.surikat.io/uploads/img/submissions/6263707BBCD105F4A885987A980C75A3/100_02-01-2018_15-14-05_1513762025395.png,
INCIDENCIA,KDPQi,,,Yes,ayagaures.pistas1,,"2018-01-03 12:49:23","2018-01-03 12:50:47","2018-01-03 13:47:00",,"2018-01-03 13:47:00",,,,,27.8187606,-15.4655728,,,Detalle,Cárcavas,"27.87898724397667,-15.542078241705896",https://web.surikat.io/uploads/img/submissions/6263707BBCD105F4A885987A980C75A3/112_03-01-2018_12-50-47_1513762025395.png,
INCIDENCIA,KDPQZ,,,Yes,ayagaures.pistas1,,"2018-01-03 14:40:06","2018-01-03 14:41:17","2018-01-03 15:37:29",,"2018-01-03 15:37:29",,,,,27.899139,-15.5336989,,,Detalle,"Caída distinto nivel","27.87480370259606,-15.533460974693298",https://web.surikat.io/uploads/img/submissions/6263707BBCD105F4A885987A980C75A3/117_03-01-2018_14-41-17_1513762025395.png,
INCIDENCIA,KDPQd,,,Yes,ayagaures.pistas1,,"2018-01-03 14:49:12","2018-01-03 14:52:28","2018-01-03 15:48:43",,"2018-01-03 15:48:43",,,,,27.8969252,-15.5560472,,,Detalle,Cárcavas,"27.87049255362112,-15.533366426825525",https://web.surikat.io/uploads/img/submissions/6263707BBCD105F4A885987A980C75A3/118_03-01-2018_14-52-28_1513762025395.png,"Afloramiento de piedras."
INCIDENCIA,KDPQ4,,,Yes,ayagaures.pistas1,,"2018-01-03 14:57:02","2018-01-03 14:59:05","2018-01-03 15:55:18",,"2018-01-03 15:55:18",,,,,27.8187606,-15.4655728,,,Detalle,Cárcavas,"27.869039954751845,-15.532877594232561",https://web.surikat.io/uploads/img/submissions/6263707BBCD105F4A885987A980C75A3/119_03-01-2018_14-59-05_1513762025395.png,
INCIDENCIA,KDPQu,,,Yes,ayagaures.pistas1,,"2018-01-03 15:35:36","2018-01-03 15:37:50","2018-01-03 16:34:10",,"2018-01-03 16:34:10",,,,,27.8187606,-15.4655728,,,Detalle,Desprendimiento,"27.855463838302843,-15.518695749342442",https://web.surikat.io/uploads/img/submissions/6263707BBCD105F4A885987A980C75A3/123_03-01-2018_15-37-50_1513762025395.png,
INCIDENCIA,KDPQQ,,,Yes,ayagaures.pistas1,,"2018-01-03 15:49:29","2018-01-03 15:50:52","2018-01-03 16:47:02",,"2018-01-03 16:47:02",,,,,27.8579366,-15.4289568,,,Detalle,Desprendimiento,"27.845815883721894,-15.505732968449593",https://web.surikat.io/uploads/img/submissions/6263707BBCD105F4A885987A980C75A3/124_03-01-2018_15-50-52_1513762025395.png,
INCIDENCIA,KDPSD,,,Yes,ayagaures.pistas1,,"2018-01-03 16:08:54","2018-01-03 16:10:13","2018-01-03 17:06:28",,"2018-01-03 17:06:28",,,,,27.8324135,-15.4304213,,,Detalle,Cárcavas,"27.84281128334658,-15.48593658953905",https://web.surikat.io/uploads/img/submissions/6263707BBCD105F4A885987A980C75A3/126_03-01-2018_16-10-13_1513762025395.png,
INCIDENCIA,KDPSU,,,Yes,ayagaures.pistas1,,"2018-01-03 16:51:20","2018-01-03 16:54:01","2018-01-03 17:50:12",,"2018-01-03 17:50:12",,,,,27.8485231,-15.4582489,,,Detalle,"Limita/Prohibe Paso","27.84366686919589,-15.474526807665827",https://web.surikat.io/uploads/img/submissions/6263707BBCD105F4A885987A980C75A3/130_03-01-2018_16-54-01_1513762025395.png,"El acceso esta cerrado con tierra. La pista esta muy difuminada al principio."
INCIDENCIA,KDPS4,,,Yes,ayagaures.pistas1,,"2018-01-03 17:00:59","2018-01-03 17:02:08","2018-01-03 17:58:20",,"2018-01-03 17:58:20",,,,,27.8436468,-15.4645633,,,Detalle,Cárcavas,"27.843609356013577,-15.473601445555687",https://web.surikat.io/uploads/img/submissions/6263707BBCD105F4A885987A980C75A3/132_03-01-2018_17-02-08_1513762025395.png,
INCIDENCIA,KDPSH,,,Yes,ayagaures.pistas1,,"2018-01-03 17:22:07","2018-01-03 17:24:07","2018-01-03 18:20:21",,"2018-01-03 18:20:21",,,,,27.8436468,-15.4645633,,,Detalle,Cárcavas,"27.843217731935578,-15.470385141670704",https://web.surikat.io/uploads/img/submissions/6263707BBCD105F4A885987A980C75A3/134_03-01-2018_17-24-07_1513762025395.png,"Acceso al barranco muy deteriorado con muchas piedras y cárcavas."
INCIDENCIA,KDPSP,,,Yes,ayagaures.pistas1,,"2018-01-03 17:25:15","2018-01-03 17:26:15","2018-01-03 18:22:26",,"2018-01-03 18:22:26",,,,,27.8485231,-15.4582489,,,Detalle,Desprendimiento,"27.843763218530917,-15.470527298748493",https://web.surikat.io/uploads/img/submissions/6263707BBCD105F4A885987A980C75A3/135_03-01-2018_17-26-15_1513762025395.png,
INCIDENCIA,KDPSu,,,Yes,ayagaures.pistas1,,"2018-01-03 17:27:46","2018-01-03 17:28:53","2018-01-03 18:25:05",,"2018-01-03 18:25:05",,,,,27.8460047,-15.4680282,,,Detalle,Cárcavas,"27.844283799919133,-15.470603741705418",https://web.surikat.io/uploads/img/submissions/6263707BBCD105F4A885987A980C75A3/136_03-01-2018_17-28-53_1513762025395.png,
INCIDENCIA,KDPS0,,,Yes,ayagaures.pistas1,,"2018-01-03 17:29:47","2018-01-03 17:32:40","2018-01-07 21:12:54",vias.motor.gc,"2018-01-03 18:28:53",,,,,27.8437103,-15.4534886,,,Detalle,"NO Transitable (mal estado)","27.844566620423205,-15.470706336200237",https://web.surikat.io/uploads/img/submissions/6263707BBCD105F4A885987A980C75A3/137_03-01-2018_17-32-40_1513762025395.png,"Parte de la pista se la ha llevado la lluvia."
INCIDENCIA,KDPIm,,,Yes,ayagaures.pistas1,,"2018-01-04 08:49:32","2018-01-04 08:57:22","2018-01-04 09:53:37",,"2018-01-04 09:53:37",,,,,27.8385643,-15.4569473,,,Detalle,"Limita/Prohibe Paso","27.828996758757828,-15.454556420445442",https://web.surikat.io/uploads/img/submissions/6263707BBCD105F4A885987A980C75A3/140_04-01-2018_08-57-22_1513762025395.png,"Al atravesar la carretera GC-198 la pista esta cortada con piedras grandes."
INCIDENCIA,KDPlv,,,Yes,ayagaures.pistas1,,"2018-01-04 09:20:03","2018-01-04 09:23:27","2018-01-04 10:19:39",,"2018-01-04 10:19:39",,,,,27.8330159,-15.4501931,,,Detalle,"Limita/Prohibe Paso","27.826607834313148,-15.456020236015322",https://web.surikat.io/uploads/img/submissions/6263707BBCD105F4A885987A980C75A3/143_04-01-2018_09-23-27_1513762025395.png,"barrera de tierra y piedras y agujero que impide el paso en vehículo."
INCIDENCIA,KDPl3,,,Yes,ayagaures.pistas1,,"2018-01-04 09:56:10","2018-01-04 10:02:03","2018-01-04 10:58:13",,"2018-01-04 10:58:12",,,,,27.7955383,-15.4937723,,,Detalle,"Limita/Prohibe Paso","27.791195955622708,-15.499692298471928",https://web.surikat.io/uploads/img/submissions/6263707BBCD105F4A885987A980C75A3/145_04-01-2018_10-02-03_1513762025395.png,"El acceso desde Tarajalillo hacia la pista Doctoral-Tarajalillo está cortado con tierra y piedras"
INCIDENCIA,KDPlL,,,Yes,ayagaures.pistas1,,"2018-01-04 10:10:39","2018-01-04 10:13:11","2018-01-04 11:09:23",,"2018-01-04 11:09:23",,,,,27.7955383,-15.4937723,,,Detalle,"Limita/Prohibe Paso","27.790833802869745,-15.500808097422125",https://web.surikat.io/uploads/img/submissions/6263707BBCD105F4A885987A980C75A3/146_04-01-2018_10-13-11_1513762025395.png,"El acceso a la pista esta cerrado con piedras de gran tamaño."
INCIDENCIA,KDPlU,,,Yes,ayagaures.pistas1,,"2018-01-04 10:50:20","2018-01-04 10:53:46","2018-01-04 11:49:58",,"2018-01-04 11:49:58",,,,,27.7841587,-15.5183133,,,Detalle,"Limita/Prohibe Paso","27.788152173979825,-15.513212978839874",https://web.surikat.io/uploads/img/submissions/6263707BBCD105F4A885987A980C75A3/148_04-01-2018_10-53-46_1513762025395.png,"El acceso hacia Tarajalillo está cortado con una barrera."
INCIDENCIA,KDPlE,,,Yes,ayagaures.pistas1,,"2018-01-04 11:11:05","2018-01-04 11:13:23","2018-01-07 21:54:24",vias.motor.gc,"2018-01-04 12:09:36",,,,,27.7841587,-15.5183133,,,Detalle,"Limita/Prohibe Paso","27.786216768600607,-15.520159229636192",https://web.surikat.io/uploads/img/submissions/6263707BBCD105F4A885987A980C75A3/149_04-01-2018_11-13-23_1513762025395.png,"El paso bajo la GC-1 sólo permite el paso de vehiculos pequeños. La altura no llega a 2 m."
INCIDENCIA,KDPl9,,,Yes,ayagaures.pistas1,,"2018-01-04 11:16:04","2018-01-04 11:17:28","2018-01-04 12:13:39",,"2018-01-04 12:13:39",,,,,27.7829289,-15.518533,,,Detalle,Cárcavas,"27.784634604726705,-15.518326610326765",https://web.surikat.io/uploads/img/submissions/6263707BBCD105F4A885987A980C75A3/150_04-01-2018_11-17-28_1513762025395.png,
INCIDENCIA,KDPlf,,,Yes,ayagaures.pistas1,,"2018-01-04 11:38:54","2018-01-04 11:40:51","2018-01-04 12:37:06",,"2018-01-04 12:37:06",,,,,27.7921623,-15.5206371,,,Detalle,"Limita/Prohibe Paso","27.79531361579642,-15.521815493702888",https://web.surikat.io/uploads/img/submissions/6263707BBCD105F4A885987A980C75A3/152_04-01-2018_11-40-51_1513762025395.png,"Hay una cadena pero no está puesta."
INCIDENCIA,KDPmC,,,Yes,ayagaures.pistas1,,"2018-01-04 11:56:58","2018-01-04 11:58:27","2018-01-04 12:54:44",,"2018-01-04 12:54:44",,,,,27.7756109,-15.546155,,,Detalle,Cárcavas,"27.80843255652039,-15.530269481241705",https://web.surikat.io/uploads/img/submissions/6263707BBCD105F4A885987A980C75A3/154_04-01-2018_11-58-27_1513762025395.png,"Afloramiento de piedras."
INCIDENCIA,KDPmi,,,Yes,ayagaures.pistas1,,"2018-01-04 12:09:01","2018-01-04 12:09:52","2018-01-04 13:06:02",,"2018-01-04 13:06:02",,,,,27.7705268,-15.5531161,,,Detalle,Cárcavas,"27.815438166388354,-15.536418445408344",https://web.surikat.io/uploads/img/submissions/6263707BBCD105F4A885987A980C75A3/155_04-01-2018_12-09-52_1513762025395.png,
INCIDENCIA,KDPmb,,,Yes,ayagaures.pistas1,,"2018-01-04 12:11:33","2018-01-04 12:12:27","2018-01-04 13:08:37",,"2018-01-04 13:08:37",,,,,27.7705268,-15.5531161,,,Detalle,Cárcavas,"27.81580053367953,-15.536505617201328",https://web.surikat.io/uploads/img/submissions/6263707BBCD105F4A885987A980C75A3/156_04-01-2018_12-12-27_1513762025395.png,
INCIDENCIA,KDPmT,,,Yes,ayagaures.pistas1,,"2018-01-04 13:01:58","2018-01-04 13:03:10","2018-01-04 13:59:20",,"2018-01-04 13:59:20",,,,,27.7841587,-15.5183133,,,Detalle,"Limita/Prohibe Paso","27.790194322990654,-15.522488392889501",https://web.surikat.io/uploads/img/submissions/6263707BBCD105F4A885987A980C75A3/159_04-01-2018_13-03-10_1513762025395.png,"Cadena quitada."
INCIDENCIA,KDP8i,,,Yes,ayagaures.pistas1,,"2018-01-04 14:03:19","2018-01-04 14:05:19","2018-01-04 15:01:29",,"2018-01-04 15:01:29",,,,,27.7634473,-15.5634678,,,Detalle,"Limita/Prohibe Paso","27.780174226181664,-15.547438636422156",https://web.surikat.io/uploads/img/submissions/6263707BBCD105F4A885987A980C75A3/163_04-01-2018_14-05-19_1513762025395.png,"Hay una barrera y un cartel en el que se lee que la barrera se abre a las 06:00 y se cierra a las 19:00 horas."
INCIDENCIA,KDP8J,,,Yes,ayagaures.pistas1,,"2018-01-04 14:22:55","2018-01-04 14:24:26","2018-01-04 15:20:38",,"2018-01-04 15:20:38",,,,,27.7678762,-15.5761996,,,Detalle,Cárcavas,"27.791783227792806,-15.551577284932137",https://web.surikat.io/uploads/img/submissions/6263707BBCD105F4A885987A980C75A3/165_04-01-2018_14-24-26_1513762025395.png,
INCIDENCIA,KDP8b,,,Yes,ayagaures.pistas1,,"2018-01-04 14:27:13","2018-01-04 14:28:15","2018-01-04 15:24:24",,"2018-01-04 15:24:24",,,,,27.7537383,-15.5780318,,,Detalle,Cárcavas,"27.792737390003314,-15.552591495215895",https://web.surikat.io/uploads/img/submissions/6263707BBCD105F4A885987A980C75A3/166_04-01-2018_14-28-15_1513762025395.png,
INCIDENCIA,KDP8c,,,Yes,ayagaures.pistas1,,"2018-01-04 14:38:11","2018-01-04 14:39:24","2018-01-04 15:35:33",,"2018-01-04 15:35:33",,,,,27.7705268,-15.5531161,,,Detalle,Cárcavas,"27.79572350471437,-15.553954057395458",https://web.surikat.io/uploads/img/submissions/6263707BBCD105F4A885987A980C75A3/167_04-01-2018_14-39-24_1513762025395.png,
INCIDENCIA,KDP8B,,,Yes,ayagaures.pistas1,,"2018-01-04 14:50:21","2018-01-04 14:51:22","2018-01-04 15:47:33",,"2018-01-04 15:47:33",,,,,27.7833828,-15.5282039,,,Detalle,Cárcavas,"27.80091163943491,-15.552188828587534",https://web.surikat.io/uploads/img/submissions/6263707BBCD105F4A885987A980C75A3/168_04-01-2018_14-51-22_1513762025395.png,
INCIDENCIA,KDP89,,,Yes,ayagaures.pistas1,,"2018-01-04 14:53:59","2018-01-04 14:54:49","2018-01-04 15:51:01",,"2018-01-04 15:51:01",,,,,27.7705268,-15.5531161,,,Detalle,Cárcavas,"27.80205256283785,-15.551665127277376",https://web.surikat.io/uploads/img/submissions/6263707BBCD105F4A885987A980C75A3/169_04-01-2018_14-54-49_1513762025395.png,
INCIDENCIA,KDP8W,,,Yes,ayagaures.pistas1,,"2018-01-04 14:59:42","2018-01-04 15:00:33","2018-01-04 15:56:42",,"2018-01-04 15:56:42",,,,,27.7727119,-15.5465213,,,Detalle,Cárcavas,"27.80347996066544,-15.552370212972166",https://web.surikat.io/uploads/img/submissions/6263707BBCD105F4A885987A980C75A3/170_04-01-2018_15-00-33_1513762025395.png,
INCIDENCIA,KDP8q,,,Yes,ayagaures.pistas1,,"2018-01-04 15:15:38","2018-01-04 15:16:29","2018-01-04 16:12:39",,"2018-01-04 16:12:39",,,,,27.7766402,-15.5465213,,,Detalle,Cárcavas,"27.808833499311863,-15.553989931941032",https://web.surikat.io/uploads/img/submissions/6263707BBCD105F4A885987A980C75A3/171_04-01-2018_15-16-29_1513762025395.png,
INCIDENCIA,KDP8l,,,Yes,ayagaures.pistas1,,"2018-01-04 15:58:33","2018-01-04 16:00:20","2018-01-07 21:53:25",vias.motor.gc,"2018-01-04 16:56:52",,,,,27.770394,-15.5853606,,,Detalle,"Explotación ganadera","27.79051228377178,-15.550973452627659",https://web.surikat.io/uploads/img/submissions/6263707BBCD105F4A885987A980C75A3/174_04-01-2018_16-00-20_1513762025395.png,"Hay que atravesar una quesería, en la que hay varios centenares de cabras."
INCIDENCIA,KDPMG,,,Yes,ayagaures.pistas1,,"2018-01-04 16:41:49","2018-01-04 16:43:46","2018-01-07 21:53:01",vias.motor.gc,"2018-01-04 17:40:03",,,,,27.7632046,-15.5656426,,,Detalle,Instalaciones,"27.766633571441655,-15.56770373135805",https://web.surikat.io/uploads/img/submissions/6263707BBCD105F4A885987A980C75A3/176_04-01-2018_16-43-46_1513762025395.png,"La obra del Parque Acuático impide el paso."
INCIDENCIA,KDPsd,,,Yes,ayagaures.pistas1,,"2018-01-05 09:38:51","2018-01-05 09:39:54","2018-01-05 10:36:02",,"2018-01-05 10:36:02",,,,,27.762836,-15.5961046,,,Detalle,Cárcavas,"27.78682542393676,-15.567189082503319",https://web.surikat.io/uploads/img/submissions/6263707BBCD105F4A885987A980C75A3/189_05-01-2018_09-39-54_1513762025395.png,"Cárcavas y piedras en superficie."
INCIDENCIA,KDPsS,,,Yes,ayagaures.pistas1,,"2018-01-05 10:28:05","2018-01-05 10:29:16","2018-01-05 11:25:25",,"2018-01-05 11:25:25",,,,,27.7705268,-15.5531161,,,Detalle,Cárcavas,"27.803605409443037,-15.567040555179119",https://web.surikat.io/uploads/img/submissions/6263707BBCD105F4A885987A980C75A3/192_05-01-2018_10-29-16_1513762025395.png,"Cárcavas y piedras en el firme."
INCIDENCIA,KDPsI,,,Yes,ayagaures.pistas1,,"2018-01-05 10:44:34","2018-01-05 10:45:46","2018-01-05 11:41:57",,"2018-01-05 11:41:57",,,,,27.7685077,-15.5707032,,,Detalle,Cárcavas,"27.78961089813133,-15.567400977015494",https://web.surikat.io/uploads/img/submissions/6263707BBCD105F4A885987A980C75A3/193_05-01-2018_10-45-46_1513762025395.png,
INCIDENCIA,KDPxU,,,Yes,ayagaures.pistas1,,"2018-01-05 11:50:43","2018-01-05 11:51:43","2018-01-05 12:47:51",,"2018-01-05 12:47:51",,,,,27.7971344,-15.4923073,,,Detalle,Cárcavas,"27.790797617188492,-15.492804385721682",https://web.surikat.io/uploads/img/submissions/6263707BBCD105F4A885987A980C75A3/195_05-01-2018_11-51-43_1513762025395.png,"Piedras en superficie."
INCIDENCIA,KDPx9,,,Yes,ayagaures.pistas1,,"2018-01-05 12:23:25","2018-01-05 12:25:01","2018-01-07 21:52:32",vias.motor.gc,"2018-01-05 13:21:10",,,,,27.8330159,-15.4501931,,,Detalle,Instalaciones,"27.888377988631902,-15.449431724846363",https://web.surikat.io/uploads/img/submissions/6263707BBCD105F4A885987A980C75A3/197_05-01-2018_12-25-01_1513762025395.png,"Instalación de aerogeneradores."
INCIDENCIA,KDPxP,,,Yes,ayagaures.pistas1,,"2018-01-05 12:43:39","2018-01-05 12:45:22","2018-01-07 21:52:07",vias.motor.gc,"2018-01-05 13:41:33",,,,,27.8491922,-15.4523901,,,Detalle,"Explotación agrícola","27.892280088328306,-15.461787320673466",https://web.surikat.io/uploads/img/submissions/6263707BBCD105F4A885987A980C75A3/199_05-01-2018_12-45-22_1513762025395.png,"Pequeña explotación agrícola."
INCIDENCIA,KDPxX,,,Yes,ayagaures.pistas1,,"2018-01-05 12:47:23","2018-01-05 12:49:21","2018-01-07 21:51:46",vias.motor.gc,"2018-01-05 13:45:31",,,,,27.8491922,-15.4523901,,,Detalle,Vertidos,"27.894894250496346,-15.462664067745209",https://web.surikat.io/uploads/img/submissions/6263707BBCD105F4A885987A980C75A3/200_05-01-2018_12-49-21_1513762025395.png,"Vertedero de restos de poda y de vertido de desmontes."
INCIDENCIA,KDPxS,,,Yes,ayagaures.pistas1,,"2018-01-05 13:12:03","2018-01-05 13:14:41","2018-01-07 21:49:10",vias.motor.gc,"2018-01-05 14:10:53",,,,,27.8758514,-15.4252956,,,Detalle,"Trazado no identificable","27.89070539703959,-15.46005629003048",https://web.surikat.io/uploads/img/submissions/6263707BBCD105F4A885987A980C75A3/202_05-01-2018_13-14-41_1513762025395.png,"Trazado poco identificable"
INCIDENCIA,KDPxl,,,Yes,ayagaures.pistas1,,"2018-01-05 13:35:58","2018-01-05 13:37:45","2018-01-07 21:12:08",vias.motor.gc,"2018-01-05 14:34:44",,,,,27.8485231,-15.4582489,,,Detalle,"NO Transitable (mal estado)","27.88665684771289,-15.454454496502878",https://web.surikat.io/uploads/img/submissions/6263707BBCD105F4A885987A980C75A3/204_05-01-2018_13-37-45_1513762025395.png,"Cárcarvas sobre risco muy profundas."
INCIDENCIA,KDXDp,,,Yes,ayagaures.pistas1,,"2018-01-05 14:07:16","2018-01-05 14:08:49","2018-01-07 21:47:12",vias.motor.gc,"2018-01-05 15:05:00",,,,,27.8581121,-15.4399408,,,Detalle,Viviendas,"27.875286495549208,-15.464440025389194",https://web.surikat.io/uploads/img/submissions/6263707BBCD105F4A885987A980C75A3/207_05-01-2018_14-08-49_1513762025395.png,"Presencia de viviendas a lo largo de la pista."
INCIDENCIA,KDXD6,,,Yes,ayagaures.pistas1,,"2018-01-05 14:20:21","2018-01-05 14:21:39","2018-01-05 15:17:47",,"2018-01-05 15:17:47",,,,,27.8581121,-15.4399408,,,Detalle,Cárcavas,"27.86671563749711,-15.468070395290853",https://web.surikat.io/uploads/img/submissions/6263707BBCD105F4A885987A980C75A3/209_05-01-2018_14-21-39_1513762025395.png,
INCIDENCIA,KDXDR,,,Yes,ayagaures.pistas1,,"2018-01-05 14:26:11","2018-01-05 14:27:46","2018-01-05 15:23:55",,"2018-01-05 15:23:55",,,,,27.8581121,-15.4399408,,,Detalle,Cárcavas,"27.866089053260936,-15.469364225864409",https://web.surikat.io/uploads/img/submissions/6263707BBCD105F4A885987A980C75A3/210_05-01-2018_14-27-46_1513762025395.png,
INCIDENCIA,KDXKt,,,Yes,vias.motor.gc,,"2018-01-06 18:56:23","2018-01-06 18:57:39","2018-01-06 20:36:01",,"2018-01-06 20:36:01",,,,,27.7577309,-15.681449,,,Detalle,"Limita/Prohibe Paso","27.762294984423544,-15.664710178971292",https://web.surikat.io/uploads/img/submissions/6F3D7629B3B69264DC4F77D4DE185CE3/6_06-01-2018_18-57-39_1513762025395.png,"densidad de pista sin salida"
INCIDENCIA,KDXKv,,,Yes,vias.motor.gc,,"2018-01-06 19:00:50","2018-01-06 19:01:23","2018-01-06 20:36:01",,"2018-01-06 20:36:01",,,,,27.7577309,-15.681449,,,Detalle,"Caída distinto nivel","27.766196575809374,-15.661368481814861",https://web.surikat.io/uploads/img/submissions/6F3D7629B3B69264DC4F77D4DE185CE3/8_06-01-2018_19-01-23_1513762025395.png,
INCIDENCIA,KDXKi,,,Yes,vias.motor.gc,,"2018-01-06 19:06:30","2018-01-06 19:08:45","2018-01-06 20:36:01",,"2018-01-06 20:36:01",,,,,27.7577309,-15.681449,,,Detalle,"Caída distinto nivel","27.77366827725613,-15.659855715930462",https://web.surikat.io/uploads/img/submissions/6F3D7629B3B69264DC4F77D4DE185CE3/9_06-01-2018_19-08-45_1513762025395.png,
INCIDENCIA,KDXKy,,,Yes,vias.motor.gc,,"2018-01-06 19:17:09","2018-01-06 19:18:01","2018-01-06 20:36:01",,"2018-01-06 20:36:01",,,,,27.7577309,-15.681449,,,Detalle,Cárcavas,"27.782396281081763,-15.653707757592201",https://web.surikat.io/uploads/img/submissions/6F3D7629B3B69264DC4F77D4DE185CE3/11_06-01-2018_19-18-01_1513762025395.png,"curso de agua permanente"
INCIDENCIA,KDXKJ,,,Yes,vias.motor.gc,,"2018-01-06 19:18:05","2018-01-06 19:18:57","2018-01-06 20:36:02",,"2018-01-06 20:36:02",,,,,27.7577309,-15.681449,,,Detalle,Cárcavas,"27.781553264129606,-15.65390557050705",https://web.surikat.io/uploads/img/submissions/6F3D7629B3B69264DC4F77D4DE185CE3/12_06-01-2018_19-18-57_1513762025395.png,
INCIDENCIA,KDXKO,,,Yes,vias.motor.gc,,"2018-01-06 19:19:03","2018-01-06 19:21:53","2018-01-06 20:36:02",,"2018-01-06 20:36:02",,,,,27.7577309,-15.681449,,,Detalle,Cárcavas,"27.780687696645618,-15.653260163962841",https://web.surikat.io/uploads/img/submissions/6F3D7629B3B69264DC4F77D4DE185CE3/13_06-01-2018_19-21-53_1513762025395.png,
INCIDENCIA,KDXKb,,,Yes,vias.motor.gc,,"2018-01-06 19:25:53","2018-01-06 19:28:17","2018-01-06 20:36:02",,"2018-01-06 20:36:02",,,,,27.7577309,-15.681449,,,Detalle,Cárcavas,"27.778356740771788,-15.648662187159061",https://web.surikat.io/uploads/img/submissions/6F3D7629B3B69264DC4F77D4DE185CE3/15_06-01-2018_19-28-17_1513762025395.png,
INCIDENCIA,KDXKh,,,Yes,vias.motor.gc,,"2018-01-06 19:28:20","2018-01-06 19:30:27","2018-01-06 20:36:02",,"2018-01-06 20:36:02",,,,,27.7577309,-15.681449,,,Detalle,Cárcavas,"27.77774863131619,-15.648225992918013",https://web.surikat.io/uploads/img/submissions/6F3D7629B3B69264DC4F77D4DE185CE3/16_06-01-2018_19-30-27_1513762025395.png,
INCIDENCIA,KDXKn,,,Yes,vias.motor.gc,,"2018-01-06 19:30:37","2018-01-06 19:33:15","2018-01-06 20:36:02",,"2018-01-06 20:36:02",,,,,27.7577309,-15.681449,,,Detalle,Cárcavas,"27.776622284968873,-15.648208558559418",https://web.surikat.io/uploads/img/submissions/6F3D7629B3B69264DC4F77D4DE185CE3/17_06-01-2018_19-33-15_1513762025395.png,
INCIDENCIA,KDXKo,,,Yes,vias.motor.gc,,"2018-01-06 19:33:16","2018-01-06 19:35:54","2018-01-06 20:36:02",,"2018-01-06 20:36:02",,,,,27.7577309,-15.681449,,,Detalle,"Caída distinto nivel","27.775654928954445,-15.64828835427761",https://web.surikat.io/uploads/img/submissions/6F3D7629B3B69264DC4F77D4DE185CE3/18_06-01-2018_19-35-54_1513762025395.png,
INCIDENCIA,KDXKw,,,Yes,vias.motor.gc,,"2018-01-06 19:36:03","2018-01-06 19:39:01","2018-01-06 20:36:03",,"2018-01-06 20:36:03",,,,,27.7577309,-15.681449,,,Detalle,Cárcavas,"27.773903521018763,-15.646933838725092",https://web.surikat.io/uploads/img/submissions/6F3D7629B3B69264DC4F77D4DE185CE3/19_06-01-2018_19-39-01_1513762025395.png,"en esta zona la pista se estrecha y hay abundantes cárcavas"
INCIDENCIA,KDXK5,,,Yes,vias.motor.gc,,"2018-01-06 19:39:05","2018-01-06 19:52:50","2018-01-06 20:36:03",,"2018-01-06 20:36:03",,,,,27.7577309,-15.681449,,,Detalle,"Limita/Prohibe Paso","27.76670625554157,-15.64765065908432",https://web.surikat.io/uploads/img/submissions/6F3D7629B3B69264DC4F77D4DE185CE3/20_06-01-2018_19-52-50_1513762025395.png,"aunque no prohíbe paso hay dudas de si es el camino correcto al pasar por el medio de una explotación ganadera"
INCIDENCIA,KDXKF,,,Yes,vias.motor.gc,,"2018-01-06 19:52:52","2018-01-06 19:55:43","2018-01-07 21:46:17",vias.motor.gc,"2018-01-06 20:36:03",,,,,27.7577309,-15.681449,,,Detalle,"Firme cemento","27.763236648133713,-15.64378324896097",https://web.surikat.io/uploads/img/submissions/6F3D7629B3B69264DC4F77D4DE185CE3/21_06-01-2018_19-55-43_1513762025395.png,"comienza firme de cemento"
INCIDENCIA,KDXKe,,,Yes,vias.motor.gc,,"2018-01-06 20:43:40","2018-01-06 20:45:55","2018-01-06 20:42:03",,"2018-01-06 20:42:03",,,,,27.757608,-15.6821831,,,Detalle,"Caída distinto nivel","27.771392052508933,-15.649155378341675",https://web.surikat.io/uploads/img/submissions/6F3D7629B3B69264DC4F77D4DE185CE3/23_06-01-2018_20-45-55_1513762025395.png,"zona muy estrecha. usuarios previos colocaron piedras para poder pasar"
INCIDENCIA,KDXkr,,,Yes,vias.motor.gc,,"2018-01-07 11:51:54","2018-01-07 11:52:32","2018-01-07 14:46:19",,"2018-01-07 14:46:19",,,,,27.7576099,-15.6821846,,,Detalle,"Limita/Prohibe Paso","27.776781878602705,-15.685064792633058",https://web.surikat.io/uploads/img/submissions/6F3D7629B3B69264DC4F77D4DE185CE3/25_07-01-2018_11-52-32_1513762025395.png,
INCIDENCIA,KDXkt,,,Yes,vias.motor.gc,,"2018-01-07 12:01:21","2018-01-07 12:02:29","2018-01-07 21:43:34",vias.motor.gc,"2018-01-07 14:46:19",,,,,27.7576099,-15.6821846,,,Detalle,Instalaciones,"27.784701344387805,-15.683283470571043",https://web.surikat.io/uploads/img/submissions/6F3D7629B3B69264DC4F77D4DE185CE3/27_07-01-2018_12-02-29_1513762025395.png,"instalaciones eléctricas y depósito de agua"
INCIDENCIA,KDXkv,,,Yes,vias.motor.gc,,"2018-01-07 12:14:19","2018-01-07 12:16:42","2018-01-07 21:42:42",vias.motor.gc,"2018-01-07 14:46:19",,,,,27.7576099,-15.6821846,,,Detalle,"Explotación ganadera","27.79931723303756,-15.679817721247675",https://web.surikat.io/uploads/img/submissions/6F3D7629B3B69264DC4F77D4DE185CE3/31_07-01-2018_12-16-42_1513762025395.png,"explotación ganadera"
INCIDENCIA,KDXki,,,Yes,vias.motor.gc,,"2018-01-07 13:39:42","2018-01-07 13:41:31","2018-01-07 14:46:19",,"2018-01-07 14:46:19",,,,,27.7576099,-15.6821846,,,Detalle,Cárcavas,"27.85312677968506,-15.682092905044557",https://web.surikat.io/uploads/img/submissions/6F3D7629B3B69264DC4F77D4DE185CE3/46_07-01-2018_13-41-31_1513762025395.png,"pista en peor estado y con menor ancho que la principal de servicio a las explotaciones agrícolas de contadores"
INCIDENCIA,KDXkq,,,Yes,vias.motor.gc,,"2018-01-07 17:03:31","2018-01-07 17:05:05","2018-01-07 21:39:16",vias.motor.gc,"2018-01-07 17:23:41",,,,,27.7582965,-15.6796252,,,Detalle,"Firme cemento","27.80932726188485,-15.727431289851665",https://web.surikat.io/uploads/img/submissions/6F3D7629B3B69264DC4F77D4DE185CE3/55_07-01-2018_17-05-05_1513762025395.png,"tramo confirme de cemento"
INCIDENCIA,KDXk2,,,Yes,vias.motor.gc,,"2018-01-07 17:05:07","2018-01-07 17:07:29","2018-01-07 17:23:41",,"2018-01-07 17:23:41",,,,,27.7582965,-15.6796252,,,Detalle,"Limita/Prohibe Paso","27.80943164863992,-15.7289507612586",https://web.surikat.io/uploads/img/submissions/6F3D7629B3B69264DC4F77D4DE185CE3/56_07-01-2018_17-07-29_1513762025395.png,"barrera que no permite continuar el acceso por la pista"
INCIDENCIA,KDXkH,,,Yes,vias.motor.gc,,"2018-01-07 17:07:32","2018-01-07 17:26:43","2018-01-07 17:23:41",,"2018-01-07 17:23:41",,,,,27.790445,-15.7239873,,,Detalle,"Limita/Prohibe Paso","27.803231435236242,-15.73653168976307",https://web.surikat.io/uploads/img/submissions/6F3D7629B3B69264DC4F77D4DE185CE3/57_07-01-2018_17-26-43_1513762025395.png,"cadena que limita el paso a vehículos a motor"
INCIDENCIA,KDXz3,KDjkw,completed,Yes,ayagaures.pistas1,"2018-01-04 14:52:37","2018-01-08 10:55:54","2018-01-08 11:00:28","2018-01-08 11:56:38",,"2018-01-08 11:56:38","2018-01-08 12:00:00","2018-01-08 11:56:38",27.87054539,-15.46669857,27.8581684,-15.4300551,"GC551-07.9 - Punta del Roque - Tablón del almácigo",,Detalle,OTROS,"27.87051270788594,-15.46675007790327",https://web.surikat.io/uploads/img/submissions/6263707BBCD105F4A885987A980C75A3/219_08-01-2018_11-00-28_1513762025395.png,"Acceso desde Punta del Roque."
INCIDENCIA,KDX13,,,Yes,ayagaures.pistas1,,"2018-01-08 11:29:36","2018-01-08 11:30:50","2018-01-08 12:47:00",,"2018-01-08 12:47:00",,,,,27.8751872,-15.4373778,,,Detalle,Cárcavas,"27.872843760425855,-15.479845963418484",https://web.surikat.io/uploads/img/submissions/6263707BBCD105F4A885987A980C75A3/222_08-01-2018_11-30-50_1513762025395.png,
INCIDENCIA,KDX1L,,,Yes,ayagaures.pistas1,,"2018-01-08 11:43:08","2018-01-08 11:45:57","2018-01-08 13:09:22",vias.motor.gc,"2018-01-08 12:47:00",,,,,27.845344,-15.445433,,,Detalle,"Limita/Prohibe Paso","27.8744299737313,-15.486543104052544",https://web.surikat.io/uploads/img/submissions/6263707BBCD105F4A885987A980C75A3/223_08-01-2018_11-45-57_1513762025395.png,"Piedras y tierra interrumpiendo la pistas."
INCIDENCIA,KDX1e,,,Yes,ayagaures.pistas1,,"2018-01-08 11:49:55","2018-01-08 11:50:49","2018-01-08 12:47:01",,"2018-01-08 12:47:01",,,,,27.845344,-15.445433,,,Detalle,Cárcavas,"27.873716002791493,-15.484742335975168",https://web.surikat.io/uploads/img/submissions/6263707BBCD105F4A885987A980C75A3/224_08-01-2018_11-50-49_1513762025395.png,
INCIDENCIA,KDX6K,,,Yes,ayagaures.pistas1,,"2018-01-08 12:31:22","2018-01-08 12:32:20","2018-01-08 13:30:09",,"2018-01-08 13:30:09",,,,,27.8485231,-15.4582489,,,Detalle,"NO Transitable (mal estado)","27.88152645268695,-15.480622462928295",https://web.surikat.io/uploads/img/submissions/6263707BBCD105F4A885987A980C75A3/227_08-01-2018_12-32-20_1513762025395.png,
INCIDENCIA,KDX6o,,,Yes,ayagaures.pistas1,,"2018-01-08 12:51:32","2018-01-08 12:52:37","2018-01-08 13:48:42",,"2018-01-08 13:48:41",,,,,27.8581684,-15.4300551,,,Detalle,OTROS,"27.870886153878967,-15.47050416469574",https://web.surikat.io/uploads/img/submissions/6263707BBCD105F4A885987A980C75A3/228_08-01-2018_12-52-37_1513762025395.png,"Invernaderos abandonados."
INCIDENCIA,KDXRi,,,Yes,ayagaures.pistas1,,"2018-01-08 14:40:42","2018-01-08 14:41:38","2018-01-08 15:40:16",,"2018-01-08 15:40:16",,,,,27.8969252,-15.5560472,,,Detalle,Cárcavas,"27.88489330183945,-15.517926961183548",https://web.surikat.io/uploads/img/submissions/6263707BBCD105F4A885987A980C75A3/235_08-01-2018_14-41-38_1513762025395.png,
INCIDENCIA,KDXRd,,,Yes,ayagaures.pistas1,,"2018-01-08 16:08:23","2018-01-08 16:09:42","2018-01-08 17:05:46",,"2018-01-08 17:05:46",,,,,27.8482573,-15.4355471,,,Detalle,"Explotación agrícola","27.86420335074564,-15.403980016708374",https://web.surikat.io/uploads/img/submissions/6263707BBCD105F4A885987A980C75A3/244_08-01-2018_16-09-42_1513762025395.png,Invernaderos.
INCIDENCIA,KDXR0,,,Yes,ayagaures.pistas1,,"2018-01-08 16:28:58","2018-01-08 16:29:43","2018-01-08 17:26:01",,"2018-01-08 17:26:01",,,,,27.859725,-15.4069909,,,Detalle,Cárcavas,"27.871766414341042,-15.39869774132967",https://web.surikat.io/uploads/img/submissions/6263707BBCD105F4A885987A980C75A3/245_08-01-2018_16-29-43_1513762025395.png,
INCIDENCIA,KDXRQ,,,Yes,ayagaures.pistas1,,"2018-01-08 16:36:54","2018-01-08 16:38:57","2018-01-08 17:35:04",,"2018-01-08 17:35:04",,,,,27.920362,-15.4044284,,,Detalle,OTROS,"27.879026363890123,-15.40070202201605",https://web.surikat.io/uploads/img/submissions/6263707BBCD105F4A885987A980C75A3/246_08-01-2018_16-38-57_1513762025395.png,"Acumulación de estiércol."
INCIDENCIA,KDXRg,,,Yes,ayagaures.pistas1,,"2018-01-08 16:42:20","2018-01-08 16:43:24","2018-01-08 17:39:28",,"2018-01-08 17:39:28",,,,,27.920362,-15.4044284,,,Detalle,Vertidos,"27.881699820858415,-15.401999540627001",https://web.surikat.io/uploads/img/submissions/6263707BBCD105F4A885987A980C75A3/247_08-01-2018_16-43-24_1513762025395.png,"Vertidos e invernaderos abandonados."
INCIDENCIA,KDXRM,,,Yes,ayagaures.pistas1,,"2018-01-08 17:15:11","2018-01-08 17:16:09","2018-01-08 18:12:13",,"2018-01-08 18:12:13",,,,,27.919518,-15.3993035,,,Detalle,Cárcavas,"27.87830857050225,-15.392173938453197",https://web.surikat.io/uploads/img/submissions/6263707BBCD105F4A885987A980C75A3/250_08-01-2018_17-16-09_1513762025395.png,
INCIDENCIA,KDXCr,,,Yes,ayagaures.pistas1,,"2018-01-08 17:28:25","2018-01-08 17:28:55","2018-01-08 18:24:59",,"2018-01-08 18:24:59",,,,,27.919518,-15.3993035,,,Detalle,Cárcavas,"27.877009002658436,-15.388604924082754",https://web.surikat.io/uploads/img/submissions/6263707BBCD105F4A885987A980C75A3/251_08-01-2018_17-28-55_1513762025395.png,
INCIDENCIA,KDXCn,,,Yes,ayagaures.pistas1,,"2018-01-08 17:38:49","2018-01-08 17:39:52","2018-01-08 18:36:56",,"2018-01-08 18:36:55",,,,,27.8604156,-15.4040623,,,Detalle,Cárcavas,"27.87630512530995,-15.386437699198723",https://web.surikat.io/uploads/img/submissions/6263707BBCD105F4A885987A980C75A3/253_08-01-2018_17-39-52_1513762025395.png,
INCIDENCIA,KDXCw,,,Yes,ayagaures.pistas1,,"2018-01-08 17:41:52","2018-01-08 17:42:30","2018-01-08 18:38:34",,"2018-01-08 18:38:34",,,,,27.9008085,-15.4036963,,,Detalle,Cárcavas,"27.876081365447384,-15.386664345860481",https://web.surikat.io/uploads/img/submissions/6263707BBCD105F4A885987A980C75A3/254_08-01-2018_17-42-30_1513762025395.png,
INCIDENCIA,KDXvS,,,Yes,ayagaures.pistas1,,"2018-01-09 09:38:55","2018-01-09 09:41:24","2018-01-09 10:32:20",,"2018-01-09 10:32:20",,,,,27.9501917,-15.3901523,,,Detalle,"Explotación agrícola","27.953569740402425,-15.384712032973765",https://web.surikat.io/uploads/img/submissions/365F9D6C550675B308AE485164A7943B/2_09-01-2018_09-41-24_1513762025395.png,"Discurre por invernaderos en explotación."
INCIDENCIA,KDXvM,,,Yes,ayagaures.pistas1,,"2018-01-09 09:47:54","2018-01-09 09:49:49","2018-01-09 10:40:23",,"2018-01-09 10:40:22",,,,,27.948532,-15.3890542,,,Detalle,OTROS,"27.959974574720267,-15.384677499532701",https://web.surikat.io/uploads/img/submissions/365F9D6C550675B308AE485164A7943B/3_09-01-2018_09-49-49_1513762025395.png,"Cruza carretera vecinal hacia Tufia."
INCIDENCIA,KDXip,,,Yes,ayagaures.pistas1,,"2018-01-09 10:06:17","2018-01-09 10:09:40","2018-01-09 11:00:13",,"2018-01-09 11:00:13",,,,,27.9704129,-15.3912504,,,Detalle,"NO Transitable (mal estado)","27.9671776713054,-15.386236198246477",https://web.surikat.io/uploads/img/submissions/365F9D6C550675B308AE485164A7943B/5_09-01-2018_10-09-40_1513762025395.png,"Desaparece carretera y solo es transitable a pie."
INCIDENCIA,KDXiC,,,Yes,ayagaures.pistas1,,"2018-01-09 10:45:39","2018-01-09 10:47:22","2018-01-09 11:37:58",,"2018-01-09 11:37:58",,,,,27.9768184,-15.390582,,,Detalle,Instalaciones,"27.975077308013507,-15.39102092385292",https://web.surikat.io/uploads/img/submissions/365F9D6C550675B308AE485164A7943B/7_09-01-2018_10-47-22_1513762025395.png,"Tránsito bajo puente Autopista GC1"
INCIDENCIA,KDXyD,,,Yes,ayagaures.pistas1,,"2018-01-09 11:21:47","2018-01-09 11:26:07","2018-01-09 12:16:39",,"2018-01-09 12:16:39",,,,,27.9754206,-15.3866514,,,Detalle,"Trazado no identificable","27.97296520825805,-15.403864681720734",https://web.surikat.io/uploads/img/submissions/365F9D6C550675B308AE485164A7943B/9_09-01-2018_11-26-07_1513762025395.png,"Solo accesible para 4*4 REDUCTORA"
INCIDENCIA,KDXJf,,,Yes,ayagaures.pistas1,,"2018-01-09 16:48:24","2018-01-09 16:49:36","2018-01-09 17:45:38",,"2018-01-09 17:45:38",,,,,27.9586002,-15.3985271,,,Detalle,Vertidos,"27.950893321015403,-15.403417088091375",https://web.surikat.io/uploads/img/submissions/6263707BBCD105F4A885987A980C75A3/261_09-01-2018_16-49-36_1513762025395.png,
INCIDENCIA,KDXJY,,,Yes,ayagaures.pistas1,,"2018-01-09 16:56:41","2018-01-09 16:58:22","2018-01-09 17:54:26",,"2018-01-09 17:54:26",,,,,27.8808228,-15.416143,,,Detalle,,"27.94855269538708,-15.410479009151459",https://web.surikat.io/uploads/img/submissions/6263707BBCD105F4A885987A980C75A3/262_09-01-2018_16-58-22_1513762025395.png,"Piedras y tierras que impiden el paso"
INCIDENCIA,KDXOz,,,Yes,ayagaures.pistas1,,"2018-01-09 17:39:56","2018-01-09 17:41:53","2018-01-09 18:37:55",,"2018-01-09 18:37:55",,,,,27.8187606,-15.4655728,,,Detalle,OTROS,"27.956897624478845,-15.44669084250927",https://web.surikat.io/uploads/img/submissions/6263707BBCD105F4A885987A980C75A3/267_09-01-2018_17-41-53_1513762025395.png,"intersección entre pista real y pista no real."
INCIDENCIA,KDXO6,,,Yes,ayagaures.pistas1,,"2018-01-09 17:47:55","2018-01-09 17:49:46","2018-01-09 18:45:50",,"2018-01-09 18:45:50",,,,,27.8899164,-15.4146786,,,Detalle,,"27.955802457791947,-15.44814258813858",https://web.surikat.io/uploads/img/submissions/6263707BBCD105F4A885987A980C75A3/268_09-01-2018_17-49-46_1513762025395.png,"Intersección hacia Lomo Cementerio cerrado con piedras y tierra."
INCIDENCIA,KDXGJ,,,Yes,ayagaures.pistas1,,"2018-01-10 17:32:51","2018-01-10 17:35:13","2018-01-10 18:25:36",,"2018-01-10 18:25:36",,,,,27.9924548,-15.4886448,,,Detalle,"Limita/Prohibe Paso","27.987083778164134,-15.485835671424866",https://web.surikat.io/uploads/img/submissions/365F9D6C550675B308AE485164A7943B/29_10-01-2018_17-35-13_1513762025395.png,"A la derecha de la imagen se aprecia la vía y la fotografía muestra el lugar y la envergadura de la obra."
INCIDENCIA,KDXGb,,,Yes,ayagaures.pistas1,,"2018-01-10 17:39:39","2018-01-10 17:41:24","2018-01-10 18:31:46",,"2018-01-10 18:31:46",,,,,27.9924548,-15.4886448,,,Detalle,"Limita/Prohibe Paso","27.98542845639784,-15.48580516129732",https://web.surikat.io/uploads/img/submissions/365F9D6C550675B308AE485164A7943B/30_10-01-2018_17-41-24_1513762025395.png,"Acceso cerrado por el otro extremo de la zona acotada por obras."
INCIDENCIA,KDXLh,,,Yes,ayagaures.pistas1,,"2018-01-11 09:23:02","2018-01-11 09:25:05","2018-01-11 10:15:28",,"2018-01-11 10:15:28",,,,,27.9988139,-15.4831484,,,Detalle,OTROS,"27.972978829109547,-15.494287647306919",https://web.surikat.io/uploads/img/submissions/365F9D6C550675B308AE485164A7943B/35_11-01-2018_09-25-05_1513762025395.png,"Temporada de invierno.  Trazado sin visibilidad debido a la neblina."
INCIDENCIA,KDXLo,,,Yes,ayagaures.pistas1,,"2018-01-11 09:28:56","2018-01-11 09:30:37","2018-01-11 10:20:58",,"2018-01-11 10:20:58",,,,,27.9988139,-15.4831484,,,Detalle,"Caída distinto nivel","27.971921431370518,-15.496698282659052",https://web.surikat.io/uploads/img/submissions/365F9D6C550675B308AE485164A7943B/36_11-01-2018_09-30-37_1513762025395.png,"Trazado con caída a distinto nivel."
INCIDENCIA,KDXLf,,,Yes,ayagaures.pistas1,,"2018-01-11 09:40:41","2018-01-11 09:42:25","2018-01-11 10:32:46",,"2018-01-11 10:32:46",,,,,28.0247543,-15.4216345,,,Detalle,"Caída distinto nivel","27.969686974616323,-15.500645153224468",https://web.surikat.io/uploads/img/submissions/365F9D6C550675B308AE485164A7943B/37_11-01-2018_09-42-25_1513762025395.png,"Trazado con caída a distinto nivel por el margen derecho de la pista."
INCIDENCIA,KDXLm,,,Yes,ayagaures.pistas1,,"2018-01-11 10:00:19","2018-01-11 10:04:28","2018-01-11 10:54:49",,"2018-01-11 10:54:49",,,,,28.0587916,-15.4608122,,,Detalle,"NO Transitable (mal estado)","27.971710305909752,-15.503570102155209",https://web.surikat.io/uploads/img/submissions/365F9D6C550675B308AE485164A7943B/38_11-01-2018_10-04-28_1513762025395.png,"Trazado de unos 50m de zona no transitable debido al barro que se forma con las lluvias.  Probablemente fácilmente transitable en temporada de verano."
INCIDENCIA,KDXjZ,,,Yes,ayagaures.pistas1,,"2018-01-11 12:57:44","2018-01-11 13:05:39","2018-01-11 13:56:00",,"2018-01-11 13:56:00",,,,,28.0221427,-15.4373635,,,Detalle,"NO Transitable (mal estado)","28.01868811530609,-15.442207865417005",https://web.surikat.io/uploads/img/submissions/365F9D6C550675B308AE485164A7943B/41_11-01-2018_13-05-39_1513762025395.png,"Pendiente de más del 20% solo transitable con vehículos especiales  (tractor o 4*4 preparado)"
INCIDENCIA,KDXjm,,,Yes,ayagaures.pistas1,,"2018-01-11 14:07:31","2018-01-11 14:13:27","2018-01-11 15:03:48",,"2018-01-11 15:03:48",,,,,28.0122338,-15.3938127,,,Detalle,OTROS,"28.022994832600254,-15.446863509714602",https://web.surikat.io/uploads/img/submissions/365F9D6C550675B308AE485164A7943B/49_11-01-2018_14-13-27_1513762025395.png,"Pendiente muy prolongada mayor de 15° que discurre por zona delimitada por un coto privado de caza."
INCIDENCIA,KDXj8,,,Yes,ayagaures.pistas1,,"2018-01-11 14:18:37","2018-01-11 14:22:54","2018-01-11 15:13:13",,"2018-01-11 15:13:13",,,,,28.0394678,-15.4333503,,,Detalle,"Limita/Prohibe Paso","28.023818804509393,-15.44447600841522",https://web.surikat.io/uploads/img/submissions/365F9D6C550675B308AE485164A7943B/50_11-01-2018_14-22-54_1513762025395.png,"Trazado cortado por acceso al Coto Privado de caza."
INCIDENCIA,KDXAn,,,Yes,ayagaures.pistas1,,"2018-01-11 15:48:01","2018-01-11 15:49:23","2018-01-11 16:39:48",,"2018-01-11 16:39:48",,,,,28.0307842,-15.4439842,,,Detalle,"Limita/Prohibe Paso","28.023648032113865,-15.461894609034061",https://web.surikat.io/uploads/img/submissions/365F9D6C550675B308AE485164A7943B/58_11-01-2018_15-49-23_1513762025395.png,"Acceso restringido al tratarse de una propiedad privada."
INCIDENCIA,KDXAN,,,Yes,ayagaures.pistas1,,"2018-01-11 16:20:48","2018-01-11 16:22:01","2018-01-11 17:12:21",,"2018-01-11 17:12:21",,,,,28.0245668,-15.4699672,,,Detalle,"Limita/Prohibe Paso","28.0227491788351,-15.475580915808678",https://web.surikat.io/uploads/img/submissions/365F9D6C550675B308AE485164A7943B/60_11-01-2018_16-22-01_1513762025395.png,"Acceso restringido por tratarse de una propiedad privada."
INCIDENCIA,KDXA7,,,Yes,ayagaures.pistas1,,"2018-01-11 16:33:17","2018-01-11 16:34:57","2018-01-11 17:25:17",,"2018-01-11 17:25:17",,,,,28.0420432,-15.4273686,,,Detalle,Vertidos,"28.02133828665679,-15.452526658773422",https://web.surikat.io/uploads/img/submissions/365F9D6C550675B308AE485164A7943B/62_11-01-2018_16-34-57_1513762025395.png,"Vertidos ilegales de escombros y enseres varios."
INCIDENCIA,KDXAB,,,Yes,ayagaures.pistas1,,"2018-01-11 16:36:50","2018-01-11 16:38:51","2018-01-11 17:29:09",,"2018-01-11 17:29:09",,,,,28.0420432,-15.4273686,,,Detalle,Vertidos,"28.02185594150408,-15.449587292969227",https://web.surikat.io/uploads/img/submissions/365F9D6C550675B308AE485164A7943B/63_11-01-2018_16-38-51_1513762025395.png,"Vertidos ilegales de escombros y enseres varios  diseminados de forma reiterada a lo largo de una parte de la pista."
INCIDENCIA,KDXdp,,,Yes,ayagaures.pistas1,,"2018-01-12 09:52:39","2018-01-12 09:54:45","2018-01-12 10:55:07",,"2018-01-12 10:55:07",,,,,27.8486188,-15.4449829,,,Detalle,OTROS,"27.956905620517098,-15.545248277485369",https://web.surikat.io/uploads/img/submissions/365F9D6C550675B308AE485164A7943B/71_12-01-2018_09-54-45_1513762025395.png,"Zona seriamente afectada por el incendio forestal sucedido en octubre de 2017."
INCIDENCIA,KDXdz,,,Yes,ayagaures.pistas1,,"2018-01-12 09:57:25","2018-01-12 09:58:56","2018-01-12 10:55:08",,"2018-01-12 10:55:08",,,,,27.8486188,-15.4449829,,,Detalle,Cárcavas,"27.954348338830073,-15.5461049079895",https://web.surikat.io/uploads/img/submissions/365F9D6C550675B308AE485164A7943B/72_12-01-2018_09-58-56_1513762025395.png,"Cárcavas provocadas por lluvias."
INCIDENCIA,KDXc3,,,Yes,ayagaures.pistas1,,"2018-01-12 11:57:26","2018-01-12 11:59:16","2018-01-12 12:49:35",,"2018-01-12 12:49:35",,,,,27.8463924,-15.4425038,,,Detalle,OTROS,"27.948535813555203,-15.545709617435932",https://web.surikat.io/uploads/img/submissions/365F9D6C550675B308AE485164A7943B/84_12-01-2018_11-59-16_1513762025395.png,"Zona seriamente afectada por el incendio forestal sucedido en octubre de 2017."
INCIDENCIA,KDXcA,,,Yes,ayagaures.pistas1,,"2018-01-12 12:11:05","2018-01-12 12:12:28","2018-01-12 13:02:45",,"2018-01-12 13:02:45",,,,,27.8463924,-15.4425038,,,Detalle,"Caída distinto nivel","27.949812013367627,-15.551190711557863",https://web.surikat.io/uploads/img/submissions/365F9D6C550675B308AE485164A7943B/86_12-01-2018_12-12-28_1513762025395.png,"Trazado con caída a distinto nivel."
INCIDENCIA,KDXcH,,,Yes,ayagaures.pistas1,,"2018-01-12 12:14:47","2018-01-12 12:16:18","2018-01-12 13:06:33",,"2018-01-12 13:06:33",,,,,27.8463924,-15.4425038,,,Detalle,Desprendimiento,"27.950610482071088,-15.551358349621298",https://web.surikat.io/uploads/img/submissions/365F9D6C550675B308AE485164A7943B/87_12-01-2018_12-16-18_1513762025395.png,"Zona de desprendimientos."
INCIDENCIA,KDX4e,,,Yes,ayagaures.pistas1,,"2018-01-12 12:47:56","2018-01-12 12:49:42","2018-01-12 13:39:59",,"2018-01-12 13:39:59",,,,,27.8463924,-15.4425038,,,Detalle,Cárcavas,"27.956084690832025,-15.554811023175716",https://web.surikat.io/uploads/img/submissions/365F9D6C550675B308AE485164A7943B/90_12-01-2018_12-49-42_1513762025395.png,"Trazado con cárcavas provocadas por lluvias."
INCIDENCIA,KDX7K,,,Yes,ayagaures.pistas1,,"2018-01-12 14:30:05","2018-01-12 14:33:04","2018-01-12 15:23:23",,"2018-01-12 15:23:23",,,,,27.8463924,-15.4425038,,,Detalle,"Explotación ganadera","28.012592828851695,-15.492186471819876",https://web.surikat.io/uploads/img/submissions/365F9D6C550675B308AE485164A7943B/95_12-01-2018_14-33-04_1513762025395.png,"Explotación ganadera por la que discurre el trazado de la pista."
INCIDENCIA,KDX9n,,,Yes,vias.motor.gc,,"2018-01-14 17:06:56","2018-01-14 17:07:56","2018-01-14 20:49:34",,"2018-01-14 20:49:34",,,,,27.7577406,-15.6814941,,,Detalle,Desprendimiento,"27.91587163730919,-15.666435174643993",https://web.surikat.io/uploads/img/submissions/6F3D7629B3B69264DC4F77D4DE185CE3/2_14-01-2018_17-07-56_1513762025395.png,
INCIDENCIA,KDX9o,,,Yes,vias.motor.gc,,"2018-01-14 17:08:54","2018-01-14 17:09:57","2018-01-14 20:49:34",,"2018-01-14 20:49:34",,,,,27.7577406,-15.6814941,,,Detalle,"Caída distinto nivel","27.91541065258172,-15.665800496935843",https://web.surikat.io/uploads/img/submissions/6F3D7629B3B69264DC4F77D4DE185CE3/3_14-01-2018_17-09-57_1513762025395.png,
INCIDENCIA,KDX9w,,,Yes,vias.motor.gc,,"2018-01-14 17:13:48","2018-01-14 17:20:04","2018-01-14 20:49:35",,"2018-01-14 20:49:35",,,,,27.7577406,-15.6814941,,,Detalle,"Caída distinto nivel","27.916853445275535,-15.661009736359121",https://web.surikat.io/uploads/img/submissions/6F3D7629B3B69264DC4F77D4DE185CE3/5_14-01-2018_17-20-04_1513762025395.png,
INCIDENCIA,KDX95,,,Yes,vias.motor.gc,,"2018-01-14 17:20:07","2018-01-14 17:27:23","2018-01-14 20:49:35",,"2018-01-14 20:49:35",,,,,27.7577406,-15.6814941,,,Detalle,"Caída distinto nivel","27.916785009342387,-15.655448175966741",https://web.surikat.io/uploads/img/submissions/6F3D7629B3B69264DC4F77D4DE185CE3/6_14-01-2018_17-27-23_1513762025395.png,
INCIDENCIA,KDX9F,,,Yes,vias.motor.gc,,"2018-01-14 17:30:56","2018-01-14 17:34:22","2018-01-14 20:49:35",,"2018-01-14 20:49:35",,,,,27.7577406,-15.6814941,,,Detalle,Cárcavas,"27.919802963206863,-15.654105059802532",https://web.surikat.io/uploads/img/submissions/6F3D7629B3B69264DC4F77D4DE185CE3/8_14-01-2018_17-34-22_1513762025395.png,
INCIDENCIA,KDX9G,,,Yes,vias.motor.gc,,"2018-01-14 17:34:25","2018-01-14 17:37:26","2018-01-14 20:49:35",,"2018-01-14 20:49:35",,,,,27.7577406,-15.6814941,,,Detalle,Desprendimiento,"27.920055665249887,-15.652570836246012",https://web.surikat.io/uploads/img/submissions/6F3D7629B3B69264DC4F77D4DE185CE3/9_14-01-2018_17-37-26_1513762025395.png,
INCIDENCIA,KDX9a,,,Yes,vias.motor.gc,,"2018-01-14 17:37:28","2018-01-14 17:42:04","2018-01-14 20:49:35",,"2018-01-14 20:49:35",,,,,27.7577406,-15.6814941,,,Detalle,Cárcavas,"27.92186662990007,-15.652373693883419",https://web.surikat.io/uploads/img/submissions/6F3D7629B3B69264DC4F77D4DE185CE3/10_14-01-2018_17-42-04_1513762025395.png,
INCIDENCIA,KDX93,,,Yes,vias.motor.gc,,"2018-01-14 17:42:06","2018-01-14 17:47:36","2018-01-14 20:49:35",,"2018-01-14 20:49:35",,,,,27.7577406,-15.6814941,,,Detalle,Cárcavas,"27.922658491545917,-15.652885995805264",https://web.surikat.io/uploads/img/submissions/6F3D7629B3B69264DC4F77D4DE185CE3/11_14-01-2018_17-47-36_1513762025395.png,
INCIDENCIA,KDX9L,,,Yes,vias.motor.gc,,"2018-01-14 17:47:42","2018-01-14 17:53:13","2018-01-14 20:49:36",,"2018-01-14 20:49:36",,,,,27.7577406,-15.6814941,,,Detalle,Cárcavas,"27.9250008631402,-15.651771537959574",https://web.surikat.io/uploads/img/submissions/6F3D7629B3B69264DC4F77D4DE185CE3/12_14-01-2018_17-53-13_1513762025395.png,
INCIDENCIA,KDX9e,,,Yes,vias.motor.gc,,"2018-01-14 17:53:15","2018-01-14 18:10:23","2018-01-14 20:49:36",,"2018-01-14 20:49:36",,,,,27.7577406,-15.6814941,,,Detalle,Cárcavas,"27.9270158486557,-15.651214644312859",https://web.surikat.io/uploads/img/submissions/6F3D7629B3B69264DC4F77D4DE185CE3/13_14-01-2018_18-10-23_1513762025395.png,"paso por cauce sin pista y sobre roca madre"
INCIDENCIA,KDX9j,,,Yes,vias.motor.gc,,"2018-01-14 18:11:46","2018-01-14 18:20:49","2018-01-14 20:49:36",,"2018-01-14 20:49:36",,,,,27.7577406,-15.6814941,,,Detalle,Desprendimiento,"27.92757987198017,-15.64722452312708",https://web.surikat.io/uploads/img/submissions/6F3D7629B3B69264DC4F77D4DE185CE3/15_14-01-2018_18-20-49_1513762025395.png,
INCIDENCIA,KDX9A,,,Yes,vias.motor.gc,,"2018-01-14 18:20:54","2018-01-14 18:25:33","2018-01-14 20:49:36",,"2018-01-14 20:49:36",,,,,27.7577406,-15.6814941,,,Detalle,"Caída distinto nivel","27.928584975577255,-15.648224651813507",https://web.surikat.io/uploads/img/submissions/6F3D7629B3B69264DC4F77D4DE185CE3/16_14-01-2018_18-25-33_1513762025395.png,
INCIDENCIA,KDX9N,,,Yes,vias.motor.gc,,"2018-01-14 18:25:47","2018-01-14 18:32:05","2018-01-14 20:49:36",,"2018-01-14 20:49:36",,,,,27.7577406,-15.6814941,,,Detalle,"Caída distinto nivel","27.92859326993882,-15.65162267535925",https://web.surikat.io/uploads/img/submissions/6F3D7629B3B69264DC4F77D4DE185CE3/17_14-01-2018_18-32-05_1513762025395.png,
INCIDENCIA,KDX9U,,,Yes,vias.motor.gc,,"2018-01-14 18:32:08","2018-01-14 18:34:57","2018-01-14 20:49:37",,"2018-01-14 20:49:37",,,,,27.7577406,-15.6814941,,,Detalle,"Caída distinto nivel","27.929140992620333,-15.653280951082706",https://web.surikat.io/uploads/img/submissions/6F3D7629B3B69264DC4F77D4DE185CE3/18_14-01-2018_18-34-57_1513762025395.png,
INCIDENCIA,KDX9Z,,,Yes,vias.motor.gc,,"2018-01-14 18:34:59","2018-01-14 18:40:54","2018-01-14 20:49:37",,"2018-01-14 20:49:37",,,,,27.7577406,-15.6814941,,,Detalle,"Explotación ganadera","27.929625616756333,-15.65597489476204",https://web.surikat.io/uploads/img/submissions/6F3D7629B3B69264DC4F77D4DE185CE3/19_14-01-2018_18-40-54_1513762025395.png,
INCIDENCIA,KDX9d,,,Yes,vias.motor.gc,,"2018-01-14 18:40:57","2018-01-14 18:42:16","2018-01-14 20:49:37",,"2018-01-14 20:49:37",,,,,27.7577406,-15.6814941,,,Detalle,Cárcavas,"27.92941263123317,-15.656411424279215",https://web.surikat.io/uploads/img/submissions/6F3D7629B3B69264DC4F77D4DE185CE3/20_14-01-2018_18-42-16_1513762025395.png,
INCIDENCIA,KDX9c,,,Yes,vias.motor.gc,,"2018-01-14 19:27:17","2018-01-14 19:28:12","2018-01-14 20:49:37",,"2018-01-14 20:49:37",,,,,27.7577406,-15.6814941,,,Detalle,"Caída distinto nivel","27.939792447113277,-15.665445774793627",https://web.surikat.io/uploads/img/submissions/6F3D7629B3B69264DC4F77D4DE185CE3/25_14-01-2018_19-28-12_1513762025395.png,
INCIDENCIA,KDXqk,,,Yes,ayagaures.pistas1,,"2018-01-15 10:43:26","2018-01-15 10:44:58","2018-01-15 11:35:00",,"2018-01-15 11:35:00",,,,,27.8463924,-15.4425038,,,Detalle,Instalaciones,"27.968501029592407,-15.548880994319916",https://web.surikat.io/uploads/img/submissions/365F9D6C550675B308AE485164A7943B/101_15-01-2018_10-44-58_1513762025395.png,"Riesgo eléctrico Alta Tensión."
INCIDENCIA,KDXqp,,,Yes,ayagaures.pistas1,,"2018-01-15 10:45:21","2018-01-15 10:47:07","2018-01-15 11:37:13",,"2018-01-15 11:37:13",,,,,27.8463924,-15.4425038,,,Detalle,"Caída distinto nivel","27.971482301792477,-15.548427365720274",https://web.surikat.io/uploads/img/submissions/365F9D6C550675B308AE485164A7943B/102_15-01-2018_10-47-07_1513762025395.png,"Caída  a distinto nivel a la derecha de la pista."
INCIDENCIA,KDXqG,,,Yes,ayagaures.pistas1,,"2018-01-15 11:05:08","2018-01-15 11:06:03","2018-01-15 11:56:03",,"2018-01-15 11:56:03",,,,,27.8463924,-15.4425038,,,Detalle,Cárcavas,"27.981836459917496,-15.544100292026995",https://web.surikat.io/uploads/img/submissions/365F9D6C550675B308AE485164A7943B/104_15-01-2018_11-06-03_1513762025395.png,"Cárcavas provocadas por lluvias."
INCIDENCIA,KDX2q,,,Yes,ayagaures.pistas1,,"2018-01-15 14:56:09","2018-01-15 14:58:09","2018-01-15 15:48:12",,"2018-01-15 15:48:12",,,,,27.8463924,-15.4425038,,,Detalle,Desprendimiento,"27.990415661601176,-15.536207221448421",https://web.surikat.io/uploads/img/submissions/365F9D6C550675B308AE485164A7943B/106_15-01-2018_14-58-09_1513762025395.png,"Zona de desprendimientos."
INCIDENCIA,KDftf,,,Yes,ayagaures.pistas1,,"2018-01-23 12:05:58","2018-01-23 12:07:44","2018-01-23 12:57:13",,"2018-01-23 12:57:13",,,,,27.8463924,-15.4425038,,,Detalle,"Explotación agrícola","28.095749353838837,-15.433543995022772",https://web.surikat.io/uploads/img/submissions/365F9D6C550675B308AE485164A7943B/117_23-01-2018_12-07-44_1513762025395.png,"Zona destinada al cultivo de plataneras a lo largo de todo el barranco."
INCIDENCIA,KDfvS,,,Yes,ayagaures.pistas1,,"2018-01-23 13:56:30","2018-01-23 13:57:38","2018-01-23 14:46:58",,"2018-01-23 14:46:58",,,,,27.8463924,-15.4425038,,,Detalle,"Caída distinto nivel","28.07240363835765,-15.433955043554306",https://web.surikat.io/uploads/img/submissions/365F9D6C550675B308AE485164A7943B/124_23-01-2018_13-57-38_1513762025395.png,"Riesgo de caída a distinto nivel."
INCIDENCIA,KDfvI,,,Yes,ayagaures.pistas1,,"2018-01-23 14:02:44","2018-01-23 14:05:56","2018-01-23 14:55:21",,"2018-01-23 14:55:21",,,,,27.8463924,-15.4425038,,,Detalle,"Limita/Prohibe Paso","28.077738542081573,-15.428592301905155",https://web.surikat.io/uploads/img/submissions/365F9D6C550675B308AE485164A7943B/125_23-01-2018_14-05-56_1513762025395.png,"Acceso restringido al tratarse de instalaciones de telecomunicaciones."
INCIDENCIA,KDfiy,,,Yes,ayagaures.pistas1,,"2018-01-23 15:04:03","2018-01-23 15:05:23","2018-01-23 15:54:45",,"2018-01-23 15:54:45",,,,,27.8463924,-15.4425038,,,Detalle,"Explotación agrícola","28.10269493993958,-15.485376343131065",https://web.surikat.io/uploads/img/submissions/365F9D6C550675B308AE485164A7943B/128_23-01-2018_15-05-23_1513762025395.png,"Zona destinada al cultivo de plataneras."
INCIDENCIA,KDfiY,,,Yes,ayagaures.pistas1,,"2018-01-23 17:20:26","2018-01-23 17:21:35","2018-01-23 18:10:54",,"2018-01-23 18:10:54",,,,,27.8463924,-15.4425038,,,Detalle,"Limita/Prohibe Paso","28.125626908966257,-15.454327426850798",https://web.surikat.io/uploads/img/submissions/365F9D6C550675B308AE485164A7943B/134_23-01-2018_17-21-35_1513762025395.png,"Acceso restringido a la pista a unos 30m del comienzo de la misma."
INCIDENCIA,KDfiI,,,Yes,ayagaures.pistas1,,"2018-01-23 17:37:03","2018-01-23 17:38:40","2018-01-23 18:28:00",,"2018-01-23 18:28:00",,,,,27.8463924,-15.4425038,,,Detalle,"Explotación ganadera","28.117455922465812,-15.496963486075401",https://web.surikat.io/uploads/img/submissions/365F9D6C550675B308AE485164A7943B/137_23-01-2018_17-38-40_1513762025395.png,"Explotación de ganado Vacuno."
INCIDENCIA,KDfyf,,,Yes,ayagaures.pistas1,,"2018-01-11 13:20:52","2018-01-23 21:04:32","2018-01-23 21:54:46",,"2018-01-23 21:54:46",,,,,27.9869657,-15.4618894,,,Detalle,Cárcavas,"28.018472345747515,-15.449229218065737",https://web.surikat.io/uploads/img/submissions/365F9D6C550675B308AE485164A7943B/44_23-01-2018_21-04-32_1513762025395.png,"Tramo con cierta dificultad debida a las diversas cárcavas provocadas por la lluvia."
INCIDENCIA,KDfyX,,,Yes,ayagaures.pistas1,,"2018-01-10 17:00:28","2018-01-23 21:04:48","2018-01-23 21:54:46",,"2018-01-23 21:54:46",,,,,27.9869657,-15.4618894,,,Detalle,"Limita/Prohibe Paso","27.98816323203966,-15.485971458256243",https://web.surikat.io/uploads/img/submissions/365F9D6C550675B308AE485164A7943B/28_23-01-2018_21-04-48_1513762025395.png,"Cerrada por obras de forma circunstancial.  Hubo desprendimientos considerables y actualmente están reforzando las paredes del risco.   No permiten el acceso."
INCIDENCIA,KDfOp,,,Yes,ayagaures.pistas1,,"2018-01-24 09:06:42","2018-01-24 09:09:56","2018-01-24 09:59:41",,"2018-01-24 09:59:41",,,,,27.8895593,-15.4146786,,,Detalle,OTROS,"27.939847835842237,-15.517571903765202",https://web.surikat.io/uploads/img/submissions/365F9D6C550675B308AE485164A7943B/144_24-01-2018_09-09-56_1513762025395.png,"Filtración de origen natural desde risco."
INCIDENCIA,KDfOy,,,Yes,ayagaures.pistas1,,"2018-01-24 09:23:14","2018-01-24 09:25:45","2018-01-24 10:15:04",,"2018-01-24 10:15:04",,,,,27.8895593,-15.4146786,,,Detalle,Cárcavas,"27.94562765650613,-15.523913316428663",https://web.surikat.io/uploads/img/submissions/365F9D6C550675B308AE485164A7943B/145_24-01-2018_09-25-45_1513762025395.png,"Presencia de cárcavas provocadas por lluvias."
INCIDENCIA,KDfOn,,,Yes,ayagaures.pistas1,,"2018-01-24 09:41:54","2018-01-24 09:43:54","2018-01-24 10:33:25",,"2018-01-24 10:33:25",,,,,27.8895593,-15.4146786,,,Detalle,"Caída distinto nivel","27.94742871503136,-15.520552843809126",https://web.surikat.io/uploads/img/submissions/365F9D6C550675B308AE485164A7943B/148_24-01-2018_09-43-54_1513762025395.png,"Subida prolongada con riesgo de caída a distinto nivel."
INCIDENCIA,KDfb7,,,Yes,ayagaures.pistas1,,"2018-01-24 12:18:06","2018-01-24 12:20:17","2018-01-24 13:12:45",,"2018-01-24 13:12:45",,,,,27.8486322,-15.4449621,,,Detalle,"Caída distinto nivel","28.04151876679485,-15.606135427951813",https://web.surikat.io/uploads/img/submissions/365F9D6C550675B308AE485164A7943B/156_24-01-2018_12-20-17_1513762025395.png,"Riesgo de caída a distinto nivel."
INCIDENCIA,KDfbW,,,Yes,ayagaures.pistas1,,"2018-01-24 12:24:59","2018-01-24 12:26:03","2018-01-24 13:25:08",,"2018-01-24 13:25:08",,,,,28.0569714,-15.5725353,,,Detalle,Cárcavas,"28.04244527928032,-15.606248416006567",https://web.surikat.io/uploads/img/submissions/365F9D6C550675B308AE485164A7943B/158_24-01-2018_12-26-03_1513762025395.png,"Presencia de cárcavas provocadas por lluvias."
INCIDENCIA,KDfhy,,,Yes,ayagaures.pistas1,,"2018-01-24 12:46:32","2018-01-24 12:48:28","2018-01-24 13:37:48",,"2018-01-24 13:37:48",,,,,28.0256047,-15.5970873,,,Detalle,"Explotación agrícola","28.050545635383127,-15.597923845052721",https://web.surikat.io/uploads/img/submissions/365F9D6C550675B308AE485164A7943B/160_24-01-2018_12-48-28_1513762025395.png,"Zona de explotación agrícola."
INCIDENCIA,KDfhu,,,Yes,ayagaures.pistas1,,"2018-01-24 13:48:35","2018-01-24 13:50:04","2018-01-24 16:13:19",,"2018-01-24 16:13:19",,,,,28.0569714,-15.5725353,,,Detalle,"Limita/Prohibe Paso","28.05888533160489,-15.599944554269316",https://web.surikat.io/uploads/img/submissions/365F9D6C550675B308AE485164A7943B/164_24-01-2018_13-50-04_1513762025395.png,"Pista cerrada al tráfico por obras."
INCIDENCIA,KDfh0,,,Yes,ayagaures.pistas1,,"2018-01-24 14:33:23","2018-01-24 14:34:35","2018-01-24 16:13:19",,"2018-01-24 16:13:19",,,,,28.0569714,-15.5725353,,,Detalle,Cárcavas,"28.078612974797483,-15.593942105770113",https://web.surikat.io/uploads/img/submissions/365F9D6C550675B308AE485164A7943B/168_24-01-2018_14-34-35_1513762025395.png,"Cárcavas provocadas por lluvias."
INCIDENCIA,KDfhV,,,Yes,ayagaures.pistas1,,"2018-01-24 14:43:44","2018-01-24 14:45:42","2018-01-24 16:13:19",,"2018-01-24 16:13:19",,,,,28.0569714,-15.5725353,,,Detalle,Vertidos,"28.082023371846606,-15.59222213923931",https://web.surikat.io/uploads/img/submissions/365F9D6C550675B308AE485164A7943B/169_24-01-2018_14-45-42_1513762025395.png,"Vertido ilegal de mangueras y otros elementos contaminantes."
INCIDENCIA,KDfn1,,,Yes,ayagaures.pistas1,,"2018-01-24 15:42:29","2018-01-24 15:45:14","2018-01-24 17:34:35",,"2018-01-24 17:34:35",,,,,28.0567703,-15.6093359,,,Detalle,Desprendimiento,"28.04418228373706,-15.611383840441702",https://web.surikat.io/uploads/img/submissions/365F9D6C550675B308AE485164A7943B/172_24-01-2018_15-45-14_1513762025395.png,"Zona afectada por desprendimientos con caída a distinto nivel que hacen la pista muy estrecha para transitar con vehículo 4*4."
INCIDENCIA,KDfn6,,,Yes,ayagaures.pistas1,,"2018-01-24 16:25:45","2018-01-24 16:28:06","2018-01-24 17:34:35",,"2018-01-24 17:34:35",,,,,27.8486322,-15.4449621,,,Detalle,"Caída distinto nivel","28.055009373592174,-15.623685121536255",https://web.surikat.io/uploads/img/submissions/365F9D6C550675B308AE485164A7943B/176_24-01-2018_16-28-06_1513762025395.png,"Riesgo de caída a distinto nivel."
INCIDENCIA,KDfnH,,,Yes,ayagaures.pistas1,,"2018-01-24 18:09:35","2018-01-24 18:10:47","2018-01-24 19:00:02",,"2018-01-24 19:00:02",,,,,28.0751225,-15.6011357,,,Detalle,"Explotación agrícola","28.073068666873596,-15.607298836112022",https://web.surikat.io/uploads/img/submissions/365F9D6C550675B308AE485164A7943B/187_24-01-2018_18-10-47_1513762025395.png,"Zona de explotación agrícola."
INCIDENCIA,KDu4S,,,Yes,ayagaures.pistas1,,"2018-02-12 09:47:05","2018-02-12 09:49:47","2018-02-12 10:37:28",,"2018-02-12 10:37:28",,,,,28.1264264,-15.5477049,,,Detalle,Instalaciones,"28.11904711515527,-15.544909983873367",https://web.surikat.io/uploads/img/submissions/365F9D6C550675B308AE485164A7943B/194_12-02-2018_09-49-47_1513762025395.png,"Instalaciones de procesado de áridos para elaboración de cantería."
INCIDENCIA,KDu4M,,,Yes,ayagaures.pistas1,,"2018-02-12 09:58:14","2018-02-12 09:59:30","2018-02-12 10:47:11",,"2018-02-12 10:47:11",,,,,28.1328995,-15.5481972,,,Detalle,Cárcavas,"28.11859084358379,-15.545765608549118",https://web.surikat.io/uploads/img/submissions/365F9D6C550675B308AE485164A7943B/196_12-02-2018_09-59-30_1513762025395.png,"Presencia en cárcavas provocadas por lluvias."
INCIDENCIA,KDu76,,,Yes,ayagaures.pistas1,,"2018-02-12 10:17:43","2018-02-12 10:20:23","2018-02-12 11:08:02",,"2018-02-12 11:08:02",,,,,28.1266758,-15.5327996,,,Detalle,"Explotación agrícola","28.125560084041332,-15.541804321110247",https://web.surikat.io/uploads/img/submissions/365F9D6C550675B308AE485164A7943B/199_12-02-2018_10-20-23_1513762025395.png,"Vista de una extensa zona de cultivo de platanera que combina la actividad con la explotación de ganado vacuno."
INCIDENCIA,KDu9t,,,Yes,ayagaures.pistas1,,"2018-02-12 13:02:47","2018-02-12 13:05:28","2018-02-12 13:53:08",,"2018-02-12 13:53:08",,,,,28.0505489,-15.5888219,,,Detalle,OTROS,"28.040872481882225,-15.594774596393108",https://web.surikat.io/uploads/img/submissions/365F9D6C550675B308AE485164A7943B/208_12-02-2018_13-05-28_1513762025395.png,"Presencia de naciente de agua natural."
INCIDENCIA,KDu9o,,,Yes,ayagaures.pistas1,,"2018-02-12 13:08:28","2018-02-12 13:11:02","2018-02-12 13:58:40",,"2018-02-12 13:58:40",,,,,28.0505489,-15.5888219,,,Detalle,"Caída distinto nivel","28.04040463310102,-15.594969727098944",https://web.surikat.io/uploads/img/submissions/365F9D6C550675B308AE485164A7943B/209_12-02-2018_13-11-02_1513762025395.png,"Trazado con riesgo de caída a distinto nivel."
INCIDENCIA,KDu9x,,,Yes,ayagaures.pistas1,,"2018-02-12 15:23:59","2018-02-12 15:25:56","2018-02-12 16:13:35",,"2018-02-12 16:13:35",,,,,28.0087514,-15.6194435,,,Detalle,OTROS,"28.01988682720222,-15.626321062445642",https://web.surikat.io/uploads/img/submissions/365F9D6C550675B308AE485164A7943B/218_12-02-2018_15-25-56_1513762025395.png,"Naciente de agua que fluye a lo largo de la pista."
INCIDENCIA,KDuWD,,,Yes,ayagaures.pistas1,,"2018-02-12 15:27:35","2018-02-12 15:28:39","2018-02-12 16:16:17",,"2018-02-12 16:16:17",,,,,27.9960072,-15.6124798,,,Detalle,Cárcavas,"28.01902849164565,-15.626008920371534",https://web.surikat.io/uploads/img/submissions/365F9D6C550675B308AE485164A7943B/219_12-02-2018_15-28-39_1513762025395.png,"Presencia de cárcavas provocadas por lluvias."
INCIDENCIA,KDu0F,,,Yes,ayagaures.pistas1,,"2018-02-14 13:12:19","2018-02-14 13:14:00","2018-02-14 14:29:07",,"2018-02-14 14:29:07",,,,,27.9692397,-15.5861578,,,Detalle,Desprendimiento,"28.048327899910504,-15.632470361888409",https://web.surikat.io/uploads/img/submissions/365F9D6C550675B308AE485164A7943B/227_14-02-2018_13-14-00_1513762025395.png,"Desprendimientos de rocas provocados por lluvias."
INCIDENCIA,KDu0P,,,Yes,ayagaures.pistas1,,"2018-02-14 15:02:00","2018-02-14 15:03:18","2018-02-14 15:50:54",,"2018-02-14 15:50:54",,,,,27.9692397,-15.5861578,,,Detalle,OTROS,"28.019799514070286,-15.668267123401163",https://web.surikat.io/uploads/img/submissions/365F9D6C550675B308AE485164A7943B/233_14-02-2018_15-03-18_1513762025395.png,"Zona de explotación apicola."
INCIDENCIA,KDu0V,,,Yes,ayagaures.pistas1,,"2018-02-14 15:26:23","2018-02-14 15:28:08","2018-02-14 16:16:04",,"2018-02-14 16:16:04",,,,,27.9692397,-15.5861578,,,Detalle,OTROS,"28.01923715660878,-15.664280019700525",https://web.surikat.io/uploads/img/submissions/365F9D6C550675B308AE485164A7943B/234_14-02-2018_15-28-08_1513762025395.png,"Manantial natural de agua que discurre por la ladera y cruza la pista."
INCIDENCIA,KDu0s,,,Yes,ayagaures.pistas1,,"2018-02-14 15:36:12","2018-02-14 15:37:25","2018-02-14 16:24:53",,"2018-02-14 16:24:53",,,,,27.9692397,-15.5861578,,,Detalle,"Caída distinto nivel","28.01629923508608,-15.665653981268406",https://web.surikat.io/uploads/img/submissions/365F9D6C550675B308AE485164A7943B/236_14-02-2018_15-37-25_1513762025395.png,"Zona con riesgo de caída a distinto nivel."
INCIDENCIA,KDuV1,,,Yes,ayagaures.pistas1,,"2018-02-14 15:44:39","2018-02-14 15:46:15","2018-02-14 16:35:00",,"2018-02-14 16:35:00",,,,,27.9692397,-15.5861578,,,Detalle,Desprendimiento,"28.01747251902163,-15.658607818186283",https://web.surikat.io/uploads/img/submissions/365F9D6C550675B308AE485164A7943B/237_14-02-2018_15-46-15_1513762025395.png,"Zona de desprendimientos de rocas y corrimiento de tierras."
INCIDENCIA,KDuVC,,,Yes,ayagaures.pistas1,,"2018-02-14 15:49:09","2018-02-14 15:50:49","2018-02-14 16:38:23",,"2018-02-14 16:38:23",,,,,27.9692397,-15.5861578,,,Detalle,OTROS,"28.017485246299984,-15.65748196095228",https://web.surikat.io/uploads/img/submissions/365F9D6C550675B308AE485164A7943B/238_14-02-2018_15-50-49_1513762025395.png,"Zona con salto de agua que cruza la pista procedente de la montaña."
INCIDENCIA,KDuVi,,,Yes,ayagaures.pistas1,,"2018-02-14 15:58:02","2018-02-14 15:59:49","2018-02-14 16:47:18",,"2018-02-14 16:47:18",,,,,27.9692397,-15.5861578,,,Detalle,"Caída distinto nivel","28.01399495584162,-15.654593221843243",https://web.surikat.io/uploads/img/submissions/365F9D6C550675B308AE485164A7943B/239_14-02-2018_15-59-49_1513762025395.png,"Zona con alto riesgo de caída a distinto nivel."
INCIDENCIA,KDuVn,,,Yes,ayagaures.pistas1,,"2018-02-14 16:01:53","2018-02-14 16:03:52","2018-02-14 16:51:21",,"2018-02-14 16:51:21",,,,,27.9692397,-15.5861578,,,Detalle,Desprendimiento,"28.015083611833415,-15.653752014040947",https://web.surikat.io/uploads/img/submissions/365F9D6C550675B308AE485164A7943B/240_14-02-2018_16-03-52_1513762025395.png,"Zona con múltiples desprendimientos a lo largo de toda la pista."
INCIDENCIA,KDuV5,,,Yes,ayagaures.pistas1,,"2018-02-14 16:08:26","2018-02-14 16:10:06","2018-02-14 16:57:34",,"2018-02-14 16:57:34",,,,,27.9692397,-15.5861578,,,Detalle,OTROS,"28.016502577592114,-15.652165487408638",https://web.surikat.io/uploads/img/submissions/365F9D6C550675B308AE485164A7943B/241_14-02-2018_16-10-06_1513762025395.png,"Zona de flujo abundante de agua que cruza la pista procedente de la montaña."
INCIDENCIA,KDuVN,,,Yes,ayagaures.pistas1,,"2018-02-14 16:26:36","2018-02-14 16:27:38","2018-02-14 17:15:06",,"2018-02-14 17:15:06",,,,,27.9692397,-15.5861578,,,Detalle,"Caída distinto nivel","28.00984032085931,-15.64601518213749",https://web.surikat.io/uploads/img/submissions/365F9D6C550675B308AE485164A7943B/243_14-02-2018_16-27-38_1513762025395.png,"Zona con riesgo de caída a distinto nivel."
INCIDENCIA,KDuVH,,,Yes,ayagaures.pistas1,,"2018-02-14 16:35:26","2018-02-14 16:36:43","2018-02-14 17:24:11",,"2018-02-14 17:24:11",,,,,27.9692397,-15.5861578,,,Detalle,Desprendimiento,"28.00917371731228,-15.642985962331297",https://web.surikat.io/uploads/img/submissions/365F9D6C550675B308AE485164A7943B/244_14-02-2018_16-36-43_1513762025395.png,"Zona de desprendimientos de rocas provocados por lluvias."
INCIDENCIA,KDuVV,,,Yes,ayagaures.pistas1,,"2018-02-14 16:49:30","2018-02-14 16:50:22","2018-02-14 17:37:52",,"2018-02-14 17:37:52",,,,,27.9692397,-15.5861578,,,Detalle,OTROS,"28.010128332572066,-15.633444003760813",https://web.surikat.io/uploads/img/submissions/365F9D6C550675B308AE485164A7943B/246_14-02-2018_16-50-22_1513762025395.png,"Zona de explotación apicola."
INCIDENCIA,KDuTd,,,Yes,ayagaures.pistas1,,"2018-02-16 09:23:22","2018-02-16 09:24:38","2018-02-16 10:12:05",,"2018-02-16 10:12:05",,,,,27.9736003,-15.780206,,,Detalle,"Explotación ganadera","27.961481034158794,-15.786420442163946",https://web.surikat.io/uploads/img/submissions/365F9D6C550675B308AE485164A7943B/254_16-02-2018_09-24-38_1513762025395.png,"Zona de explotación de ganado vacuno."
INCIDENCIA,KDuTu,,,Yes,ayagaures.pistas1,,"2018-02-16 09:49:09","2018-02-16 09:51:00","2018-02-16 10:38:23",,"2018-02-16 10:38:23",,,,,27.9736003,-15.780206,,,Detalle,"Caída distinto nivel","27.96325784154115,-15.791889801621437",https://web.surikat.io/uploads/img/submissions/365F9D6C550675B308AE485164A7943B/257_16-02-2018_09-51-00_1513762025395.png,"Trazado de la pista con riesgo de caída a distinto nivel."
INCIDENCIA,KDuTI,,,Yes,ayagaures.pistas1,,"2018-02-16 10:09:26","2018-02-16 10:11:41","2018-02-16 10:59:04",,"2018-02-16 10:59:04",,,,,27.9652779,-15.7757409,,,Detalle,Desprendimiento,"27.949641716051634,-15.784765519201756",https://web.surikat.io/uploads/img/submissions/365F9D6C550675B308AE485164A7943B/260_16-02-2018_10-11-41_1513762025395.png,"Zona de desprendimientos con riesgo de caída a distinto nivel."
INCIDENCIA,KDuT8,,,Yes,ayagaures.pistas1,,"2018-02-16 10:16:40","2018-02-16 10:18:54","2018-02-16 11:06:28",,"2018-02-16 11:06:28",,,,,27.9818964,-15.7826177,,,Detalle,Vertidos,"27.945954935448633,-15.782055146992207",https://web.surikat.io/uploads/img/submissions/365F9D6C550675B308AE485164A7943B/261_16-02-2018_10-18-54_1513762025395.png,"Vertidos de tejido sintético en la ladera."
INCIDENCIA,KD0DB,,,Yes,ayagaures.pistas1,,"2018-02-16 10:48:20","2018-02-16 10:50:24","2018-02-16 14:11:51",,"2018-02-16 14:11:51",,,,,27.9652779,-15.7757409,,,Detalle,"Explotación agrícola","27.924634713547743,-15.804754011332989",https://web.surikat.io/uploads/img/submissions/365F9D6C550675B308AE485164A7943B/267_16-02-2018_10-50-24_1513762025395.png,"Explotación agrícola a lo largo del barranco y a ambos lados de la pista aunque no de forma continuada."
INCIDENCIA,KD0DE,,,Yes,ayagaures.pistas1,,"2018-02-16 11:20:08","2018-02-16 11:21:19","2018-02-16 14:11:51",,"2018-02-16 14:11:51",,,,,27.9652779,-15.7757409,,,Detalle,Instalaciones,"27.90829032207783,-15.825885459780695",https://web.surikat.io/uploads/img/submissions/365F9D6C550675B308AE485164A7943B/272_16-02-2018_11-21-19_1513762025395.png,"Acceso al Camping de Tasartico."
INCIDENCIA,KD0DS,,,Yes,ayagaures.pistas1,,"2018-02-16 13:30:24","2018-02-16 13:32:27","2018-02-16 14:19:50",,"2018-02-16 14:19:50",,,,,27.9818964,-15.7826177,,,Detalle,"Explotación agrícola","28.14585993451314,-15.672546923160553",https://web.surikat.io/uploads/img/submissions/365F9D6C550675B308AE485164A7943B/276_16-02-2018_13-32-27_1513762025395.png,"Extensa zona destinada al cultivo de plataneras."
INCIDENCIA,KD0Dx,,,Yes,ayagaures.pistas1,,"2018-02-16 13:39:08","2018-02-16 13:41:05","2018-02-16 14:47:17",,"2018-02-16 14:47:17",,,,,27.9818964,-15.7826177,,,Detalle,Instalaciones,"28.143133308145345,-15.675453431904316",https://web.surikat.io/uploads/img/submissions/365F9D6C550675B308AE485164A7943B/278_16-02-2018_13-41-05_1513762025395.png,"Planta de procesado de áridos destinados al sector de la construcción."
INCIDENCIA,KD0KD,,,Yes,ayagaures.pistas1,,"2018-02-16 13:44:27","2018-02-16 13:59:49","2018-02-16 14:47:17",,"2018-02-16 14:47:17",,,,,27.9818964,-15.7826177,,,Detalle,Vertidos,"28.140921032799135,-15.674002021551132",https://web.surikat.io/uploads/img/submissions/365F9D6C550675B308AE485164A7943B/279_16-02-2018_13-59-49_1513762025395.png,"Vertidos de origen sintético procedente de cultivos colindantes."
INCIDENCIA,KD0KK,,,Yes,ayagaures.pistas1,,"2018-02-16 14:02:56","2018-02-16 14:04:09","2018-02-16 14:51:32",,"2018-02-16 14:51:32",,,,,27.9818964,-15.7826177,,,Detalle,Cárcavas,"28.139891302525946,-15.67463871091604",https://web.surikat.io/uploads/img/submissions/365F9D6C550675B308AE485164A7943B/280_16-02-2018_14-04-09_1513762025395.png,"Presencia de cárcavas provocadas por lluvias."
INCIDENCIA,KD0KC,,,Yes,ayagaures.pistas1,,"2018-02-16 14:39:51","2018-02-16 14:41:05","2018-02-16 15:29:37",,"2018-02-16 15:29:37",,,,,27.9818964,-15.7826177,,,Detalle,Vertidos,"28.128485853128932,-15.677944868803024",https://web.surikat.io/uploads/img/submissions/365F9D6C550675B308AE485164A7943B/284_16-02-2018_14-41-05_1513762025395.png,"Vertidos de origen sintético."
INCIDENCIA,KD0Kr,,,Yes,ayagaures.pistas1,,"2018-02-16 14:41:05","2018-02-16 14:42:07","2018-02-16 15:29:38",,"2018-02-16 15:29:38",,,,,27.9818964,-15.7826177,,,Detalle,Vertidos,"28.128498271584455,-15.677970685064793",https://web.surikat.io/uploads/img/submissions/365F9D6C550675B308AE485164A7943B/285_16-02-2018_14-42-07_1513762025395.png,"Presencia de vertidos de origen sintético."
INCIDENCIA,KD0Kv,,,Yes,ayagaures.pistas1,,"2018-02-16 14:43:59","2018-02-16 14:45:32","2018-02-16 15:33:02",,"2018-02-16 15:33:02",,,,,27.9818964,-15.7826177,,,Detalle,Desprendimiento,"28.128244579993236,-15.677967332303522",https://web.surikat.io/uploads/img/submissions/365F9D6C550675B308AE485164A7943B/286_16-02-2018_14-45-32_1513762025395.png,"Desprendimiento que ocupa todo el ancho de la pista haciéndola impracticable."
INCIDENCIA,KD0RI,,,Yes,ayagaures.pistas1,,"2018-02-19 10:54:11","2018-02-19 10:56:21","2018-02-19 11:43:28",,"2018-02-19 11:43:28",,,,,27.9757976,-15.5822974,,,Detalle,Instalaciones,"27.974752486166054,-15.589219741523266",https://web.surikat.io/uploads/img/submissions/365F9D6C550675B308AE485164A7943B/293_19-02-2018_10-56-21_1513762025395.png,"Zona habilitada para campistas."
INCIDENCIA,KD0Cp,,,Yes,ayagaures.pistas1,,"2018-02-19 11:14:53","2018-02-19 11:17:06","2018-02-19 12:04:17",,"2018-02-19 12:04:17",,,,,27.9687886,-15.5876796,,,Detalle,"Limita/Prohibe Paso","27.96840360681257,-15.5886584892869",https://web.surikat.io/uploads/img/submissions/365F9D6C550675B308AE485164A7943B/296_19-02-2018_11-17-06_1513762025395.png,"Acceso restringido hacia la Presa de los Hornos."
INCIDENCIA,KD0rL,,,Yes,ayagaures.pistas1,,"2018-02-19 12:01:27","2018-02-19 12:02:57","2018-02-19 13:11:41",,"2018-02-19 13:11:41",,,,,27.9827656,-15.6171265,,,Detalle,OTROS,"27.970365962990467,-15.579119883477686",https://web.surikat.io/uploads/img/submissions/365F9D6C550675B308AE485164A7943B/301_19-02-2018_12-02-57_1513762025395.png,"Zona de pinar seriamente afectada por el incendio forestal de octubre de 2017."
INCIDENCIA,KD0ru,,,Yes,ayagaures.pistas1,,"2018-02-19 12:44:09","2018-02-19 12:46:01","2018-02-19 14:02:46",,"2018-02-19 14:02:46",,,,,27.9300458,-15.5875593,,,Detalle,"Trazado no identificable","27.966955283927465,-15.582007281482221",https://web.surikat.io/uploads/img/submissions/365F9D6C550675B308AE485164A7943B/305_19-02-2018_12-46-01_1513762025395.png,"Trazado no identificable que se difumina entre arbustos y pinar."
INCIDENCIA,KD0rV,,,Yes,ayagaures.pistas1,,"2018-02-19 13:16:25","2018-02-19 13:18:52","2018-02-19 14:06:05",,"2018-02-19 14:06:05",,,,,27.9451203,-15.5805968,,,Detalle,OTROS,"27.963707369172393,-15.572673194110394",https://web.surikat.io/uploads/img/submissions/365F9D6C550675B308AE485164A7943B/307_19-02-2018_13-18-52_1513762025395.png,"Poste de cableado de alta tensión derribado a unos 30m del acceso por la GC - 134."
INCIDENCIA,KD0tL,,,Yes,ayagaures.pistas1,,"2018-02-19 14:20:27","2018-02-19 14:22:30","2018-02-19 15:09:50",,"2018-02-19 15:09:50",,,,,27.9451203,-15.5805968,,,Detalle,"Caída distinto nivel","27.94782351631525,-15.623921155929565",https://web.surikat.io/uploads/img/submissions/365F9D6C550675B308AE485164A7943B/311_19-02-2018_14-22-30_1513762025395.png,"Trazado de la pista con riesgo de caída a distinto nivel."
INCIDENCIA,KD0t9,,,Yes,ayagaures.pistas1,,"2018-02-19 14:41:57","2018-02-19 14:43:58","2018-02-19 15:31:39",,"2018-02-19 15:31:39",,,,,27.9451203,-15.5805968,,,Detalle,"Caída distinto nivel","27.937913064053173,-15.62690444290638",https://web.surikat.io/uploads/img/submissions/365F9D6C550675B308AE485164A7943B/313_19-02-2018_14-43-58_1513762025395.png,"Zona con riesgo de caída a distinto nivel."
INCIDENCIA,KD0tV,,,Yes,ayagaures.pistas1,,"2018-02-19 15:30:29","2018-02-19 15:31:34","2018-02-19 16:18:43",,"2018-02-19 16:18:43",,,,,27.9495134,-15.6135793,,,Detalle,Instalaciones,"27.928912009922403,-15.623312629759312",https://web.surikat.io/uploads/img/submissions/365F9D6C550675B308AE485164A7943B/318_19-02-2018_15-31-34_1513762025395.png,"Zona recreativa Morro de Santiago."
INCIDENCIA,KD0FB,,,Yes,ayagaures.pistas1,,"2018-02-21 10:09:33","2018-02-21 10:12:37","2018-02-21 11:08:38",,"2018-02-21 11:08:38",,,,,28.1467066,-15.656099,,,Detalle,OTROS,"28.032362997701977,-15.753226093947887",https://web.surikat.io/uploads/img/submissions/365F9D6C550675B308AE485164A7943B/329_21-02-2018_10-12-37_1513762025395.png,"Afluencia de agua de origen natural procedente   de la montaña."
INCIDENCIA,KD0FE,,,Yes,ayagaures.pistas1,,"2018-02-21 10:17:34","2018-02-21 10:19:00","2018-02-21 11:08:38",,"2018-02-21 11:08:38",,,,,28.1467066,-15.656099,,,Detalle,"Caída distinto nivel","28.033033304911374,-15.751668736338617",https://web.surikat.io/uploads/img/submissions/365F9D6C550675B308AE485164A7943B/331_21-02-2018_10-19-00_1513762025395.png,"Zona con riesgo de caída a distinto nivel."
INCIDENCIA,KD0Ff,,,Yes,ayagaures.pistas1,,"2018-02-21 10:25:44","2018-02-21 10:27:40","2018-02-21 11:15:14",,"2018-02-21 11:15:14",,,,,28.1503933,-15.691662,,,Detalle,"Caída distinto nivel","28.03458994042472,-15.750170052051544",https://web.surikat.io/uploads/img/submissions/365F9D6C550675B308AE485164A7943B/332_21-02-2018_10-27-40_1513762025395.png,"Zona con riesgo de caída a distinto nivel."
INCIDENCIA,KD0F0,,,Yes,ayagaures.pistas1,,"2018-02-21 10:34:01","2018-02-21 10:36:10","2018-02-21 11:32:46",,"2018-02-21 11:32:46",,,,,28.1503933,-15.691662,,,Detalle,"Limita/Prohibe Paso","28.03465711791431,-15.746584944427012",https://web.surikat.io/uploads/img/submissions/365F9D6C550675B308AE485164A7943B/333_21-02-2018_10-36-10_1513762025395.png,"Lugar de la pista donde es necesario disponer de llave para abrir el candado y poder acceder a la misma."
INCIDENCIA,KD0GU,,,Yes,ayagaures.pistas1,,"2018-02-21 11:11:03","2018-02-21 11:12:34","2018-02-21 11:59:34",,"2018-02-21 11:59:34",,,,,28.1503933,-15.691662,,,Detalle,Desprendimiento,"28.022929719608655,-15.7447774708271",https://web.surikat.io/uploads/img/submissions/365F9D6C550675B308AE485164A7943B/340_21-02-2018_11-12-34_1513762025395.png,"Zona de desprendimientos."
INCIDENCIA,KD0GB,,,Yes,ayagaures.pistas1,,"2018-02-21 11:18:39","2018-02-21 11:20:00","2018-02-21 12:06:58",,"2018-02-21 12:06:58",,,,,28.1503933,-15.691662,,,Detalle,OTROS,"28.021035506252815,-15.741857886314394",https://web.surikat.io/uploads/img/submissions/365F9D6C550675B308AE485164A7943B/342_21-02-2018_11-20-00_1513762025395.png,"Afluencia de agua procedente del barranco."
INCIDENCIA,KD0a5,,,Yes,ayagaures.pistas1,,"2018-02-21 11:34:45","2018-02-21 11:36:28","2018-02-21 13:13:06",,"2018-02-21 13:13:06",,,,,27.8507081,-15.4432562,,,Detalle,"Caída distinto nivel","28.020168004603498,-15.725876279175283",https://web.surikat.io/uploads/img/submissions/365F9D6C550675B308AE485164A7943B/344_21-02-2018_11-36-28_1513762025395.png,"Zona con riesgo de caída a distinto nivel justo en extremo de la pista."
INCIDENCIA,KD0a7,,,Yes,ayagaures.pistas1,,"2018-02-21 12:32:42","2018-02-21 12:33:41","2018-02-21 13:33:52",,"2018-02-21 13:33:52",,,,,28.1503933,-15.691662,,,Detalle,Cárcavas,"28.017068501147914,-15.74272021651268",https://web.surikat.io/uploads/img/submissions/365F9D6C550675B308AE485164A7943B/347_21-02-2018_12-33-41_1513762025395.png,"Presencia de cárcavas provocadas por lluvias."
INCIDENCIA,KD0Lo,,,Yes,ayagaures.pistas1,,"2018-02-21 13:19:19","2018-02-21 13:20:47","2018-02-21 17:12:05",,"2018-02-21 17:12:05",,,,,28.0703365,-15.7151301,,,Detalle,OTROS,"28.02447880619495,-15.741370394825935",https://web.surikat.io/uploads/img/submissions/365F9D6C550675B308AE485164A7943B/352_21-02-2018_13-20-47_1513762025395.png,"Afluencia de agua procedente del barranco."
INCIDENCIA,KD0Lw,,,Yes,ayagaures.pistas1,,"2018-02-21 14:49:40","2018-02-21 14:51:17","2018-02-21 17:12:05",,"2018-02-21 17:12:05",,,,,28.0703365,-15.7151301,,,Detalle,OTROS,"28.026496077740312,-15.719100348651407",https://web.surikat.io/uploads/img/submissions/365F9D6C550675B308AE485164A7943B/364_21-02-2018_14-51-17_1513762025395.png,"Afluencia de agua procedente de la montaña."
INCIDENCIA,KD0L5,,,Yes,ayagaures.pistas1,,"2018-02-21 15:00:53","2018-02-21 15:02:00","2018-02-21 17:12:05",,"2018-02-21 17:12:05",,,,,28.0703365,-15.7151301,,,Detalle,OTROS,"28.02520776299501,-15.714815855026247",https://web.surikat.io/uploads/img/submissions/365F9D6C550675B308AE485164A7943B/366_21-02-2018_15-02-00_1513762025395.png,"Afluencia de agua procedente del barranco."
INCIDENCIA,KD0LF,,,Yes,ayagaures.pistas1,,"2018-02-21 15:03:05","2018-02-21 15:04:08","2018-02-21 17:12:05",,"2018-02-21 17:12:05",,,,,28.0703365,-15.7151301,,,Detalle,"Caída distinto nivel","28.025792286298508,-15.714546628296373",https://web.surikat.io/uploads/img/submissions/365F9D6C550675B308AE485164A7943B/367_21-02-2018_15-04-08_1513762025395.png,"Zona de la pista con riesgo de caída a distinto nivel."
INCIDENCIA,KD0LG,,,Yes,ayagaures.pistas1,,"2018-02-21 15:10:20","2018-02-21 15:11:32","2018-02-21 17:12:05",,"2018-02-21 17:12:05",,,,,28.0703365,-15.7151301,,,Detalle,"Caída distinto nivel","28.022787358794442,-15.713087841868399",https://web.surikat.io/uploads/img/submissions/365F9D6C550675B308AE485164A7943B/369_21-02-2018_15-11-32_1513762025395.png,"Zona con riesgo de caída a distinto nivel."
INCIDENCIA,KD0La,,,Yes,ayagaures.pistas1,,"2018-02-21 15:15:42","2018-02-21 15:16:57","2018-02-21 17:12:06",,"2018-02-21 17:12:06",,,,,28.0703365,-15.7151301,,,Detalle,"Explotación agrícola","28.025341537722273,-15.71192041039467",https://web.surikat.io/uploads/img/submissions/365F9D6C550675B308AE485164A7943B/370_21-02-2018_15-16-57_1513762025395.png,"Zona de explotación apicola."
INCIDENCIA,KD0L3,,,Yes,ayagaures.pistas1,,"2018-02-21 15:39:09","2018-02-21 15:40:32","2018-02-21 17:12:06",,"2018-02-21 17:12:06",,,,,28.0703365,-15.7151301,,,Detalle,Instalaciones,"28.027055437715106,-15.702252388000488",https://web.surikat.io/uploads/img/submissions/365F9D6C550675B308AE485164A7943B/374_21-02-2018_15-40-32_1513762025395.png,"Embalse de la Comunidad de Regantes Tirma."
INCIDENCIA,KD0LL,,,Yes,ayagaures.pistas1,,"2018-02-21 15:48:06","2018-02-21 15:49:15","2018-02-21 17:12:06",,"2018-02-21 17:12:06",,,,,28.0703365,-15.7151301,,,Detalle,OTROS,"28.02399756769732,-15.695271939039232",https://web.surikat.io/uploads/img/submissions/365F9D6C550675B308AE485164A7943B/375_21-02-2018_15-49-15_1513762025395.png,"Afluencia de agua procedente de la montaña."
INCIDENCIA,KD0Le,,,Yes,ayagaures.pistas1,,"2018-02-21 15:50:34","2018-02-21 15:52:16","2018-02-21 17:12:06",,"2018-02-21 17:12:06",,,,,28.0703365,-15.7151301,,,Detalle,"Caída distinto nivel","28.02573250228862,-15.69552943110466",https://web.surikat.io/uploads/img/submissions/365F9D6C550675B308AE485164A7943B/376_21-02-2018_15-52-16_1513762025395.png,"Zona con riesgo de caída a distinto nivel."
INCIDENCIA,KD0Lj,,,Yes,ayagaures.pistas1,,"2018-02-21 15:55:54","2018-02-21 15:57:09","2018-02-21 17:12:06",,"2018-02-21 17:12:06",,,,,28.0703365,-15.7151301,,,Detalle,OTROS,"28.02636644787095,-15.691430680453777",https://web.surikat.io/uploads/img/submissions/365F9D6C550675B308AE485164A7943B/378_21-02-2018_15-57-09_1513762025395.png,"Afluencia de agua procedente de la montaña."
INCIDENCIA,KD0LA,,,Yes,ayagaures.pistas1,,"2018-02-21 15:57:58","2018-02-21 15:59:09","2018-02-21 17:12:07",,"2018-02-21 17:12:07",,,,,28.0703365,-15.7151301,,,Detalle,OTROS,"28.02633004493432,-15.690347738564014",https://web.surikat.io/uploads/img/submissions/365F9D6C550675B308AE485164A7943B/379_21-02-2018_15-59-09_1513762025395.png,"Afluencia de agua procedente de la montaña."
INCIDENCIA,KD0NH,,,Yes,ayagaures.pistas1,,"2018-02-22 11:37:42","2018-02-22 11:39:30","2018-02-22 12:37:12",,"2018-02-22 12:37:11",,,,,27.9554077,-15.6150453,,,Detalle,"Explotación agrícola","27.918846363605347,-15.636838003993034",https://web.surikat.io/uploads/img/submissions/365F9D6C550675B308AE485164A7943B/389_22-02-2018_11-39-30_1513762025395.png,"Explotación agrícola dedicada a cultivos diversos."
INCIDENCIA,KD0NP,,,Yes,ayagaures.pistas1,,"2018-02-22 11:48:52","2018-02-22 11:50:17","2018-02-22 12:37:12",,"2018-02-22 12:37:12",,,,,27.9554077,-15.6150453,,,Detalle,Instalaciones,"27.920845170172374,-15.634751580655577",https://web.surikat.io/uploads/img/submissions/365F9D6C550675B308AE485164A7943B/392_22-02-2018_11-50-17_1513762025395.png,"Represa situada a pocos metros de la pista."
INCIDENCIA,KD0U0,,,Yes,ayagaures.pistas1,,"2018-02-22 12:44:53","2018-02-22 12:46:23","2018-02-22 13:33:16",,"2018-02-22 13:33:16",,,,,27.9554077,-15.6150453,,,Detalle,"Caída distinto nivel","27.900030530772884,-15.654525160789488",https://web.surikat.io/uploads/img/submissions/365F9D6C550675B308AE485164A7943B/400_22-02-2018_12-46-23_1513762025395.png,"Zona con riesgo de caída a distinto nivel."
INCIDENCIA,KD0UY,,,Yes,ayagaures.pistas1,,"2018-02-22 12:50:23","2018-02-22 12:51:47","2018-02-22 13:38:39",,"2018-02-22 13:38:39",,,,,27.9554077,-15.6150453,,,Detalle,Cárcavas,"27.89800674573562,-15.656412094831467",https://web.surikat.io/uploads/img/submissions/365F9D6C550675B308AE485164A7943B/401_22-02-2018_12-51-47_1513762025395.png,"Presencia de cárcavas en la pista."
INCIDENCIA,KD0UQ,,,Yes,ayagaures.pistas1,,"2018-02-22 12:52:22","2018-02-22 12:53:24","2018-02-22 13:40:17",,"2018-02-22 13:40:17",,,,,27.9554077,-15.6150453,,,Detalle,"Caída distinto nivel","27.89796585481332,-15.656325593590738",https://web.surikat.io/uploads/img/submissions/365F9D6C550675B308AE485164A7943B/402_22-02-2018_12-53-24_1513762025395.png,"Zona con riesgo de caída a distinto nivel."
INCIDENCIA,KD0Um,,,Yes,ayagaures.pistas1,,"2018-02-22 12:56:59","2018-02-22 12:58:34","2018-02-22 13:45:25",,"2018-02-22 13:45:25",,,,,27.9451203,-15.5805968,,,Detalle,Cárcavas,"27.897399306531725,-15.658867321908476",https://web.surikat.io/uploads/img/submissions/365F9D6C550675B308AE485164A7943B/403_22-02-2018_12-58-34_1513762025395.png,"Presencia de cárcavas provocadas por lluvias."
